Sample_title	sample	GEO_Accession	patient
scTrioSeq2Rna_CRC01_LN1_161	SRR5824390	GSM2696954	CRC01_LN1
scTrioSeq2Rna_CRC01_LN1_162	SRR5824391	GSM2696955	CRC01_LN1
scTrioSeq2Rna_CRC01_LN1_163	SRR5824392	GSM2696956	CRC01_LN1
scTrioSeq2Rna_CRC01_LN1_164	SRR5824393	GSM2696957	CRC01_LN1
scTrioSeq2Rna_CRC01_LN1_165	SRR5824394	GSM2696958	CRC01_LN1
scTrioSeq2Rna_CRC01_LN1_166	SRR5824395	GSM2696959	CRC01_LN1
scTrioSeq2Rna_CRC01_LN1_167	SRR5824396	GSM2696960	CRC01_LN1
scTrioSeq2Rna_CRC01_LN1_168	SRR5824397	GSM2696961	CRC01_LN1
scTrioSeq2Rna_CRC01_LN1_169	SRR5824398	GSM2696962	CRC01_LN1
scTrioSeq2Rna_CRC01_LN1_171	SRR5824399	GSM2696963	CRC01_LN1
scTrioSeq2Rna_CRC01_LN1_172	SRR5824400	GSM2696964	CRC01_LN1
scTrioSeq2Rna_CRC01_LN1_174	SRR5824401	GSM2696965	CRC01_LN1
scTrioSeq2Rna_CRC01_LN2_179	SRR5824402	GSM2696966	CRC01_LN2
scTrioSeq2Rna_CRC01_LN2_185	SRR5824403	GSM2696967	CRC01_LN2
scTrioSeq2Rna_CRC01_LN2_189	SRR5824404	GSM2696968	CRC01_LN2
scTrioSeq2Rna_CRC01_LN2_190	SRR5824405	GSM2696969	CRC01_LN2
scTrioSeq2Rna_CRC01_LN2_191	SRR5824406	GSM2696970	CRC01_LN2
scTrioSeq2Rna_CRC01_LN2_194	SRR5824407	GSM2696971	CRC01_LN2
scTrioSeq2Rna_CRC01_LN2_195	SRR5824408	GSM2696972	CRC01_LN2
scTrioSeq2Rna_CRC01_LN2_196	SRR5824409	GSM2696973	CRC01_LN2
scTrioSeq2Rna_CRC01_LN2_200	SRR5824410	GSM2696974	CRC01_LN2
scTrioSeq2Rna_CRC01_LN2_453	SRR5824411	GSM2696975	CRC01_LN2
scTrioSeq2Rna_CRC01_LN2_454	SRR5824412	GSM2696976	CRC01_LN2
scTrioSeq2Rna_CRC01_LN2_458	SRR5824413	GSM2696977	CRC01_LN2
scTrioSeq2Rna_CRC01_LN3_241	SRR5824414	GSM2696978	CRC01_LN3
scTrioSeq2Rna_CRC01_LN3_242	SRR5824415	GSM2696979	CRC01_LN3
scTrioSeq2Rna_CRC01_LN3_243	SRR5824416	GSM2696980	CRC01_LN3
scTrioSeq2Rna_CRC01_LN3_244	SRR5824417	GSM2696981	CRC01_LN3
scTrioSeq2Rna_CRC01_LN3_245	SRR5824418	GSM2696982	CRC01_LN3
scTrioSeq2Rna_CRC01_LN3_246	SRR5824419	GSM2696983	CRC01_LN3
scTrioSeq2Rna_CRC01_LN3_247	SRR5824420	GSM2696984	CRC01_LN3
scTrioSeq2Rna_CRC01_LN3_248	SRR5824421	GSM2696985	CRC01_LN3
scTrioSeq2Rna_CRC01_LN3_249	SRR5824422	GSM2696986	CRC01_LN3
scTrioSeq2Rna_CRC01_LN3_250	SRR5824423	GSM2696987	CRC01_LN3
scTrioSeq2Rna_CRC01_LN3_252	SRR5824424	GSM2696988	CRC01_LN3
scTrioSeq2Rna_CRC01_LN3_254	SRR5824425	GSM2696989	CRC01_LN3
scTrioSeq2Rna_CRC01_LN3_263	SRR5824427	GSM2696991	CRC01_LN3
scTrioSeq2Rna_CRC01_LN3_273	SRR5824428	GSM2696992	CRC01_LN3
scTrioSeq2Rna_CRC01_LN3_274	SRR5824429	GSM2696993	CRC01_LN3
scTrioSeq2Rna_CRC01_LN3_440	SRR5824430	GSM2696994	CRC01_LN3
scTrioSeq2Rna_CRC01_ML1_002	SRR5824431	GSM2696995	CRC01_ML1
scTrioSeq2Rna_CRC01_ML1_004	SRR5824432	GSM2696996	CRC01_ML1
scTrioSeq2Rna_CRC01_ML1_005	SRR5824433	GSM2696997	CRC01_ML1
scTrioSeq2Rna_CRC01_ML1_007	SRR5824434	GSM2696998	CRC01_ML1
scTrioSeq2Rna_CRC01_ML1_009	SRR5824435	GSM2696999	CRC01_ML1
scTrioSeq2Rna_CRC01_ML1_010	SRR5824436	GSM2697000	CRC01_ML1
scTrioSeq2Rna_CRC01_ML1_014	SRR5824437	GSM2697001	CRC01_ML1
scTrioSeq2Rna_CRC01_ML1_015	SRR5824438	GSM2697002	CRC01_ML1
scTrioSeq2Rna_CRC01_ML1_017	SRR5824439	GSM2697003	CRC01_ML1
scTrioSeq2Rna_CRC01_ML1_018	SRR5824440	GSM2697004	CRC01_ML1
scTrioSeq2Rna_CRC01_ML1_019	SRR5824441	GSM2697005	CRC01_ML1
scTrioSeq2Rna_CRC01_ML1_020	SRR5824442	GSM2697006	CRC01_ML1
scTrioSeq2Rna_CRC01_ML1_021	SRR5824443	GSM2697007	CRC01_ML1
scTrioSeq2Rna_CRC01_ML1_022	SRR5824444	GSM2697008	CRC01_ML1
scTrioSeq2Rna_CRC01_ML1_023	SRR5824445	GSM2697009	CRC01_ML1
scTrioSeq2Rna_CRC01_ML1_024	SRR5824446	GSM2697010	CRC01_ML1
scTrioSeq2Rna_CRC01_ML1_025	SRR5824447	GSM2697011	CRC01_ML1
scTrioSeq2Rna_CRC01_ML1_026	SRR5824448	GSM2697012	CRC01_ML1
scTrioSeq2Rna_CRC01_ML1_029	SRR5824449	GSM2697013	CRC01_ML1
scTrioSeq2Rna_CRC01_ML1_030	SRR5824450	GSM2697014	CRC01_ML1
scTrioSeq2Rna_CRC01_ML1_031	SRR5824451	GSM2697015	CRC01_ML1
scTrioSeq2Rna_CRC01_ML1_032	SRR5824452	GSM2697016	CRC01_ML1
scTrioSeq2Rna_CRC01_ML1_033	SRR5824453	GSM2697017	CRC01_ML1
scTrioSeq2Rna_CRC01_ML1_035	SRR5824455	GSM2697019	CRC01_ML1
scTrioSeq2Rna_CRC01_ML1_036	SRR5824456	GSM2697020	CRC01_ML1
scTrioSeq2Rna_CRC01_ML1_037	SRR5824457	GSM2697021	CRC01_ML1
scTrioSeq2Rna_CRC01_ML1_038	SRR5824458	GSM2697022	CRC01_ML1
scTrioSeq2Rna_CRC01_ML1_040	SRR5824459	GSM2697023	CRC01_ML1
scTrioSeq2Rna_CRC01_ML2_041	SRR5824460	GSM2697024	CRC01_ML2
scTrioSeq2Rna_CRC01_ML2_042	SRR5824461	GSM2697025	CRC01_ML2
scTrioSeq2Rna_CRC01_ML2_043	SRR5824462	GSM2697026	CRC01_ML2
scTrioSeq2Rna_CRC01_ML2_044	SRR5824463	GSM2697027	CRC01_ML2
scTrioSeq2Rna_CRC01_ML2_046	SRR5824464	GSM2697028	CRC01_ML2
scTrioSeq2Rna_CRC01_ML2_047	SRR5824465	GSM2697029	CRC01_ML2
scTrioSeq2Rna_CRC01_ML2_048	SRR5824466	GSM2697030	CRC01_ML2
scTrioSeq2Rna_CRC01_ML2_049	SRR5824467	GSM2697031	CRC01_ML2
scTrioSeq2Rna_CRC01_ML2_051	SRR5824468	GSM2697032	CRC01_ML2
scTrioSeq2Rna_CRC01_ML2_052	SRR5824469	GSM2697033	CRC01_ML2
scTrioSeq2Rna_CRC01_ML2_054	SRR5824470	GSM2697034	CRC01_ML2
scTrioSeq2Rna_CRC01_ML2_055	SRR5824471	GSM2697035	CRC01_ML2
scTrioSeq2Rna_CRC01_ML2_056	SRR5824472	GSM2697036	CRC01_ML2
scTrioSeq2Rna_CRC01_ML2_057	SRR5824473	GSM2697037	CRC01_ML2
scTrioSeq2Rna_CRC01_ML2_058	SRR5824474	GSM2697038	CRC01_ML2
scTrioSeq2Rna_CRC01_ML2_059	SRR5824475	GSM2697039	CRC01_ML2
scTrioSeq2Rna_CRC01_ML2_061	SRR5824476	GSM2697040	CRC01_ML2
scTrioSeq2Rna_CRC01_ML2_062	SRR5824477	GSM2697041	CRC01_ML2
scTrioSeq2Rna_CRC01_ML2_063	SRR5824478	GSM2697042	CRC01_ML2
scTrioSeq2Rna_CRC01_ML2_064	SRR5824479	GSM2697043	CRC01_ML2
scTrioSeq2Rna_CRC01_ML2_065	SRR5824480	GSM2697044	CRC01_ML2
scTrioSeq2Rna_CRC01_ML2_066	SRR5824481	GSM2697045	CRC01_ML2
scTrioSeq2Rna_CRC01_ML2_067	SRR5824482	GSM2697046	CRC01_ML2
scTrioSeq2Rna_CRC01_ML2_068	SRR5824483	GSM2697047	CRC01_ML2
scTrioSeq2Rna_CRC01_ML2_069	SRR5824484	GSM2697048	CRC01_ML2
scTrioSeq2Rna_CRC01_ML2_070	SRR5824485	GSM2697049	CRC01_ML2
scTrioSeq2Rna_CRC01_ML2_072	SRR5824486	GSM2697050	CRC01_ML2
scTrioSeq2Rna_CRC01_ML2_073	SRR5824487	GSM2697051	CRC01_ML2
scTrioSeq2Rna_CRC01_ML2_075	SRR5824488	GSM2697052	CRC01_ML2
scTrioSeq2Rna_CRC01_ML2_076	SRR5824489	GSM2697053	CRC01_ML2
scTrioSeq2Rna_CRC01_ML2_078	SRR5824490	GSM2697054	CRC01_ML2
scTrioSeq2Rna_CRC01_ML2_079	SRR5824491	GSM2697055	CRC01_ML2
scTrioSeq2Rna_CRC01_ML2_080	SRR5824492	GSM2697056	CRC01_ML2
scTrioSeq2Rna_CRC01_ML3_081	SRR5824493	GSM2697057	CRC01_ML3
scTrioSeq2Rna_CRC01_ML3_082	SRR5824494	GSM2697058	CRC01_ML3
scTrioSeq2Rna_CRC01_ML3_084	SRR5824495	GSM2697059	CRC01_ML3
scTrioSeq2Rna_CRC01_ML3_085	SRR5824496	GSM2697060	CRC01_ML3
scTrioSeq2Rna_CRC01_ML3_086	SRR5824497	GSM2697061	CRC01_ML3
scTrioSeq2Rna_CRC01_ML3_088	SRR5824498	GSM2697062	CRC01_ML3
scTrioSeq2Rna_CRC01_ML3_091	SRR5824499	GSM2697063	CRC01_ML3
scTrioSeq2Rna_CRC01_ML3_092	SRR5824500	GSM2697064	CRC01_ML3
scTrioSeq2Rna_CRC01_ML3_095	SRR5824501	GSM2697065	CRC01_ML3
scTrioSeq2Rna_CRC01_ML3_096	SRR5824502	GSM2697066	CRC01_ML3
scTrioSeq2Rna_CRC01_ML3_097	SRR5824503	GSM2697067	CRC01_ML3
scTrioSeq2Rna_CRC01_ML3_098	SRR5824504	GSM2697068	CRC01_ML3
scTrioSeq2Rna_CRC01_ML3_101	SRR5824505	GSM2697069	CRC01_ML3
scTrioSeq2Rna_CRC01_ML3_104	SRR5824506	GSM2697070	CRC01_ML3
scTrioSeq2Rna_CRC01_ML3_105	SRR5824507	GSM2697071	CRC01_ML3
scTrioSeq2Rna_CRC01_ML3_109	SRR5824508	GSM2697072	CRC01_ML3
scTrioSeq2Rna_CRC01_ML3_111	SRR5824509	GSM2697073	CRC01_ML3
scTrioSeq2Rna_CRC01_ML3_112	SRR5824510	GSM2697074	CRC01_ML3
scTrioSeq2Rna_CRC01_ML3_113	SRR5824511	GSM2697075	CRC01_ML3
scTrioSeq2Rna_CRC01_ML3_114	SRR5824512	GSM2697076	CRC01_ML3
scTrioSeq2Rna_CRC01_ML3_116	SRR5824514	GSM2697078	CRC01_ML3
scTrioSeq2Rna_CRC01_ML3_117	SRR5824515	GSM2697079	CRC01_ML3
scTrioSeq2Rna_CRC01_ML3_118	SRR5824516	GSM2697080	CRC01_ML3
scTrioSeq2Rna_CRC01_ML3_119	SRR5824517	GSM2697081	CRC01_ML3
scTrioSeq2Rna_CRC01_ML3_120	SRR5824518	GSM2697082	CRC01_ML3
scTrioSeq2Rna_CRC01_ML4_121	SRR5824519	GSM2697083	CRC01_ML4
scTrioSeq2Rna_CRC01_ML4_123	SRR5824520	GSM2697084	CRC01_ML4
scTrioSeq2Rna_CRC01_ML4_124	SRR5824521	GSM2697085	CRC01_ML4
scTrioSeq2Rna_CRC01_ML4_125	SRR5824522	GSM2697086	CRC01_ML4
scTrioSeq2Rna_CRC01_ML4_126	SRR5824523	GSM2697087	CRC01_ML4
scTrioSeq2Rna_CRC01_ML4_127	SRR5824524	GSM2697088	CRC01_ML4
scTrioSeq2Rna_CRC01_ML4_128	SRR5824525	GSM2697089	CRC01_ML4
scTrioSeq2Rna_CRC01_ML4_130	SRR5824526	GSM2697090	CRC01_ML4
scTrioSeq2Rna_CRC01_ML4_131	SRR5824527	GSM2697091	CRC01_ML4
scTrioSeq2Rna_CRC01_ML4_132	SRR5824528	GSM2697092	CRC01_ML4
scTrioSeq2Rna_CRC01_ML4_135	SRR5824529	GSM2697093	CRC01_ML4
scTrioSeq2Rna_CRC01_ML4_136	SRR5824530	GSM2697094	CRC01_ML4
scTrioSeq2Rna_CRC01_ML4_137	SRR5824531	GSM2697095	CRC01_ML4
scTrioSeq2Rna_CRC01_ML4_138	SRR5824532	GSM2697096	CRC01_ML4
scTrioSeq2Rna_CRC01_ML4_139	SRR5824533	GSM2697097	CRC01_ML4
scTrioSeq2Rna_CRC01_ML4_140	SRR5824534	GSM2697098	CRC01_ML4
scTrioSeq2Rna_CRC01_ML4_142	SRR5824535	GSM2697099	CRC01_ML4
scTrioSeq2Rna_CRC01_ML4_144	SRR5824536	GSM2697100	CRC01_ML4
scTrioSeq2Rna_CRC01_ML4_146	SRR5824538	GSM2697102	CRC01_ML4
scTrioSeq2Rna_CRC01_ML4_147	SRR5824539	GSM2697103	CRC01_ML4
scTrioSeq2Rna_CRC01_ML4_148	SRR5824540	GSM2697104	CRC01_ML4
scTrioSeq2Rna_CRC01_ML4_149	SRR5824541	GSM2697105	CRC01_ML4
scTrioSeq2Rna_CRC01_ML4_150	SRR5824542	GSM2697106	CRC01_ML4
scTrioSeq2Rna_CRC01_ML4_154	SRR5824543	GSM2697107	CRC01_ML4
scTrioSeq2Rna_CRC01_ML4_157	SRR5824544	GSM2697108	CRC01_ML4
scTrioSeq2Rna_CRC01_ML4_158	SRR5824545	GSM2697109	CRC01_ML4
scTrioSeq2Rna_CRC01_ML4_159	SRR5824546	GSM2697110	CRC01_ML4
scTrioSeq2Rna_CRC01_MP1_001	SRR5824548	GSM2697112	CRC01_MP1
scTrioSeq2Rna_CRC01_MP1_003	SRR5824549	GSM2697113	CRC01_MP1
scTrioSeq2Rna_CRC01_MP1_005	SRR5824550	GSM2697114	CRC01_MP1
scTrioSeq2Rna_CRC01_MP1_007	SRR5824551	GSM2697115	CRC01_MP1
scTrioSeq2Rna_CRC01_MP1_011	SRR5824553	GSM2697117	CRC01_MP1
scTrioSeq2Rna_CRC01_MP1_012	SRR5824554	GSM2697118	CRC01_MP1
scTrioSeq2Rna_CRC01_MP1_016	SRR5824557	GSM2697121	CRC01_MP1
scTrioSeq2Rna_CRC01_MP1_020	SRR5824558	GSM2697122	CRC01_MP1
scTrioSeq2Rna_CRC01_MP1_131	SRR5824559	GSM2697123	CRC01_MP1
scTrioSeq2Rna_CRC01_MP1_134	SRR5824560	GSM2697124	CRC01_MP1
scTrioSeq2Rna_CRC01_MP1_137	SRR5824561	GSM2697125	CRC01_MP1
scTrioSeq2Rna_CRC01_MP1_143	SRR5824563	GSM2697127	CRC01_MP1
scTrioSeq2Rna_CRC01_MP1_144	SRR5824564	GSM2697128	CRC01_MP1
scTrioSeq2Rna_CRC01_MP1_145	SRR5824565	GSM2697129	CRC01_MP1
scTrioSeq2Rna_CRC01_MP1_146	SRR5824566	GSM2697130	CRC01_MP1
scTrioSeq2Rna_CRC01_MP1_148	SRR5824567	GSM2697131	CRC01_MP1
scTrioSeq2Rna_CRC01_MP1_149	SRR5824568	GSM2697132	CRC01_MP1
scTrioSeq2Rna_CRC01_MP1_158	SRR5824569	GSM2697133	CRC01_MP1
scTrioSeq2Rna_CRC01_MP1_160	SRR5824570	GSM2697134	CRC01_MP1
scTrioSeq2Rna_CRC01_MP1_163	SRR5824571	GSM2697135	CRC01_MP1
scTrioSeq2Rna_CRC01_MP1_164	SRR5824572	GSM2697136	CRC01_MP1
scTrioSeq2Rna_CRC01_MP1_166	SRR5824573	GSM2697137	CRC01_MP1
scTrioSeq2Rna_CRC01_MP1_167	SRR5824574	GSM2697138	CRC01_MP1
scTrioSeq2Rna_CRC01_MP1_169	SRR5824575	GSM2697139	CRC01_MP1
scTrioSeq2Rna_CRC01_MP1_205	SRR5824576	GSM2697140	CRC01_MP1
scTrioSeq2Rna_CRC01_MP1_206	SRR5824577	GSM2697141	CRC01_MP1
scTrioSeq2Rna_CRC01_MP1_207	SRR5824578	GSM2697142	CRC01_MP1
scTrioSeq2Rna_CRC01_MP1_208	SRR5824579	GSM2697143	CRC01_MP1
scTrioSeq2Rna_CRC01_MP1_209	SRR5824580	GSM2697144	CRC01_MP1
scTrioSeq2Rna_CRC01_MP1_212	SRR5824581	GSM2697145	CRC01_MP1
scTrioSeq2Rna_CRC01_MP1_214	SRR5824582	GSM2697146	CRC01_MP1
scTrioSeq2Rna_CRC01_MP1_215	SRR5824583	GSM2697147	CRC01_MP1
scTrioSeq2Rna_CRC01_MP1_217	SRR5824584	GSM2697148	CRC01_MP1
scTrioSeq2Rna_CRC01_MP1_219	SRR5824585	GSM2697149	CRC01_MP1
scTrioSeq2Rna_CRC01_MP1_220	SRR5824586	GSM2697150	CRC01_MP1
scTrioSeq2Rna_CRC01_MP1_221	SRR5824587	GSM2697151	CRC01_MP1
scTrioSeq2Rna_CRC01_MP1_223	SRR5824588	GSM2697152	CRC01_MP1
scTrioSeq2Rna_CRC01_MP1_225	SRR5824589	GSM2697153	CRC01_MP1
scTrioSeq2Rna_CRC01_MP1_226	SRR5824590	GSM2697154	CRC01_MP1
scTrioSeq2Rna_CRC01_MP1_228	SRR5824591	GSM2697155	CRC01_MP1
scTrioSeq2Rna_CRC01_MP1_230	SRR5824592	GSM2697156	CRC01_MP1
scTrioSeq2Rna_CRC01_MP1_231	SRR5824593	GSM2697157	CRC01_MP1
scTrioSeq2Rna_CRC01_MP1_232	SRR5824594	GSM2697158	CRC01_MP1
scTrioSeq2Rna_CRC01_MP1_233	SRR5824595	GSM2697159	CRC01_MP1
scTrioSeq2Rna_CRC01_MP1_236	SRR5824597	GSM2697161	CRC01_MP1
scTrioSeq2Rna_CRC01_MP1_238	SRR5824598	GSM2697162	CRC01_MP1
scTrioSeq2Rna_CRC01_MP1_239	SRR5824599	GSM2697163	CRC01_MP1
scTrioSeq2Rna_CRC01_MP1_241	SRR5824600	GSM2697164	CRC01_MP1
scTrioSeq2Rna_CRC01_MP1_242	SRR5824601	GSM2697165	CRC01_MP1
scTrioSeq2Rna_CRC01_MP1_246	SRR5824605	GSM2697169	CRC01_MP1
scTrioSeq2Rna_CRC01_MP1_247	SRR5824606	GSM2697170	CRC01_MP1
scTrioSeq2Rna_CRC01_MP1_249	SRR5824607	GSM2697171	CRC01_MP1
scTrioSeq2Rna_CRC01_MP1_250	SRR5824608	GSM2697172	CRC01_MP1
scTrioSeq2Rna_CRC01_MP1_251	SRR5824609	GSM2697173	CRC01_MP1
scTrioSeq2Rna_CRC01_MP1_252	SRR5824610	GSM2697174	CRC01_MP1
scTrioSeq2Rna_CRC01_MP1_257	SRR5824612	GSM2697176	CRC01_MP1
scTrioSeq2Rna_CRC01_MP1_262	SRR5824614	GSM2697178	CRC01_MP1
scTrioSeq2Rna_CRC01_MP1_266	SRR5824615	GSM2697179	CRC01_MP1
scTrioSeq2Rna_CRC01_MP1_268	SRR5824617	GSM2697181	CRC01_MP1
scTrioSeq2Rna_CRC01_MP1_269	SRR5824618	GSM2697182	CRC01_MP1
scTrioSeq2Rna_CRC01_MP1_271	SRR5824619	GSM2697183	CRC01_MP1
scTrioSeq2Rna_CRC01_MP1_279	SRR5824621	GSM2697185	CRC01_MP1
scTrioSeq2Rna_CRC01_MP2_026	SRR5824622	GSM2697186	CRC01_MP2
scTrioSeq2Rna_CRC01_MP2_030	SRR5824623	GSM2697187	CRC01_MP2
scTrioSeq2Rna_CRC01_MP2_031	SRR5824624	GSM2697188	CRC01_MP2
scTrioSeq2Rna_CRC01_MP2_032	SRR5824625	GSM2697189	CRC01_MP2
scTrioSeq2Rna_CRC01_MP2_035	SRR5824626	GSM2697190	CRC01_MP2
scTrioSeq2Rna_CRC01_MP2_039	SRR5824627	GSM2697191	CRC01_MP2
scTrioSeq2Rna_CRC01_MP2_040	SRR5824628	GSM2697192	CRC01_MP2
scTrioSeq2Rna_CRC01_MP2_042	SRR5824629	GSM2697193	CRC01_MP2
scTrioSeq2Rna_CRC01_MP2_050	SRR5824630	GSM2697194	CRC01_MP2
scTrioSeq2Rna_CRC01_MP2_128	SRR5824631	GSM2697195	CRC01_MP2
scTrioSeq2Rna_CRC01_MP2_129	SRR5824632	GSM2697196	CRC01_MP2
scTrioSeq2Rna_CRC01_MP3_098	SRR5824633	GSM2697197	CRC01_MP3
scTrioSeq2Rna_CRC01_MP3_100	SRR5824634	GSM2697198	CRC01_MP3
scTrioSeq2Rna_CRC01_MP3_105	SRR5824635	GSM2697199	CRC01_MP3
scTrioSeq2Rna_CRC01_MP4_066	SRR5824636	GSM2697200	CRC01_MP4
scTrioSeq2Rna_CRC01_MP4_073	SRR5824637	GSM2697201	CRC01_MP4
scTrioSeq2Rna_CRC01_MP4_077	SRR5824638	GSM2697202	CRC01_MP4
scTrioSeq2Rna_CRC01_MP4_078	SRR5824639	GSM2697203	CRC01_MP4
scTrioSeq2Rna_CRC01_MP4_080	SRR5824640	GSM2697204	CRC01_MP4
scTrioSeq2Rna_CRC01_MP4_081	SRR5824641	GSM2697205	CRC01_MP4
scTrioSeq2Rna_CRC01_MP4_083	SRR5824642	GSM2697206	CRC01_MP4
scTrioSeq2Rna_CRC01_MP4_173	SRR5824643	GSM2697207	CRC01_MP4
scTrioSeq2Rna_CRC01_MP4_183	SRR5824644	GSM2697208	CRC01_MP4
scTrioSeq2Rna_CRC01_MP4_185	SRR5824645	GSM2697209	CRC01_MP4
scTrioSeq2Rna_CRC01_MP4_188	SRR5824646	GSM2697210	CRC01_MP4
scTrioSeq2Rna_CRC01_MP4_191	SRR5824647	GSM2697211	CRC01_MP4
scTrioSeq2Rna_CRC01_MP4_192	SRR5824648	GSM2697212	CRC01_MP4
scTrioSeq2Rna_CRC01_MP4_196	SRR5824649	GSM2697213	CRC01_MP4
scTrioSeq2Rna_CRC01_MP4_204	SRR5824650	GSM2697214	CRC01_MP4
scTrioSeq2Rna_CRC01_MP5_106	SRR5824651	GSM2697215	CRC01_MP5
scTrioSeq2Rna_CRC01_MP5_107	SRR5824652	GSM2697216	CRC01_MP5
scTrioSeq2Rna_CRC01_MP5_109	SRR5824653	GSM2697217	CRC01_MP5
scTrioSeq2Rna_CRC01_MP5_110	SRR5824654	GSM2697218	CRC01_MP5
scTrioSeq2Rna_CRC01_MP5_111	SRR5824655	GSM2697219	CRC01_MP5
scTrioSeq2Rna_CRC01_MP5_112	SRR5824656	GSM2697220	CRC01_MP5
scTrioSeq2Rna_CRC01_MP5_114	SRR5824657	GSM2697221	CRC01_MP5
scTrioSeq2Rna_CRC01_MP5_115	SRR5824658	GSM2697222	CRC01_MP5
scTrioSeq2Rna_CRC01_MP5_116	SRR5824659	GSM2697223	CRC01_MP5
scTrioSeq2Rna_CRC01_MP5_119	SRR5824660	GSM2697224	CRC01_MP5
scTrioSeq2Rna_CRC01_MP5_123	SRR5824662	GSM2697226	CRC01_MP5
scTrioSeq2Rna_CRC01_NC_502	SRR5824663	GSM2697227	CRC01_NC
scTrioSeq2Rna_CRC01_PT1_203	SRR5824664	GSM2697228	CRC01_PT1
scTrioSeq2Rna_CRC01_PT1_206	SRR5824665	GSM2697229	CRC01_PT1
scTrioSeq2Rna_CRC01_PT1_212	SRR5824666	GSM2697230	CRC01_PT1
scTrioSeq2Rna_CRC01_PT1_213	SRR5824667	GSM2697231	CRC01_PT1
scTrioSeq2Rna_CRC01_PT1_216	SRR5824668	GSM2697232	CRC01_PT1
scTrioSeq2Rna_CRC01_PT1_218	SRR5824669	GSM2697233	CRC01_PT1
scTrioSeq2Rna_CRC01_PT1_224	SRR5824670	GSM2697234	CRC01_PT1
scTrioSeq2Rna_CRC01_PT1_225	SRR5824671	GSM2697235	CRC01_PT1
scTrioSeq2Rna_CRC01_PT1_227	SRR5824672	GSM2697236	CRC01_PT1
scTrioSeq2Rna_CRC01_PT1_229	SRR5824673	GSM2697237	CRC01_PT1
scTrioSeq2Rna_CRC01_PT1_230	SRR5824674	GSM2697238	CRC01_PT1
scTrioSeq2Rna_CRC01_PT1_231	SRR5824675	GSM2697239	CRC01_PT1
scTrioSeq2Rna_CRC01_PT1_232	SRR5824676	GSM2697240	CRC01_PT1
scTrioSeq2Rna_CRC01_PT1_237	SRR5824677	GSM2697241	CRC01_PT1
scTrioSeq2Rna_CRC01_PT1_281	SRR5824678	GSM2697242	CRC01_PT1
scTrioSeq2Rna_CRC01_PT1_282	SRR5824679	GSM2697243	CRC01_PT1
scTrioSeq2Rna_CRC01_PT1_283	SRR5824680	GSM2697244	CRC01_PT1
scTrioSeq2Rna_CRC01_PT1_284	SRR5824681	GSM2697245	CRC01_PT1
scTrioSeq2Rna_CRC01_PT1_285	SRR5824682	GSM2697246	CRC01_PT1
scTrioSeq2Rna_CRC01_PT1_286	SRR5824683	GSM2697247	CRC01_PT1
scTrioSeq2Rna_CRC01_PT1_289	SRR5824685	GSM2697249	CRC01_PT1
scTrioSeq2Rna_CRC01_PT1_291	SRR5824687	GSM2697251	CRC01_PT1
scTrioSeq2Rna_CRC01_PT1_292	SRR5824688	GSM2697252	CRC01_PT1
scTrioSeq2Rna_CRC01_PT1_293	SRR5824689	GSM2697253	CRC01_PT1
scTrioSeq2Rna_CRC01_PT1_295	SRR5824690	GSM2697254	CRC01_PT1
scTrioSeq2Rna_CRC01_PT1_296	SRR5824691	GSM2697255	CRC01_PT1
scTrioSeq2Rna_CRC01_PT1_297	SRR5824692	GSM2697256	CRC01_PT1
scTrioSeq2Rna_CRC01_PT1_298	SRR5824693	GSM2697257	CRC01_PT1
scTrioSeq2Rna_CRC01_PT1_299	SRR5824694	GSM2697258	CRC01_PT1
scTrioSeq2Rna_CRC01_PT1_300	SRR5824695	GSM2697259	CRC01_PT1
scTrioSeq2Rna_CRC01_PT2_301	SRR5824696	GSM2697260	CRC01_PT2
scTrioSeq2Rna_CRC01_PT2_302	SRR5824697	GSM2697261	CRC01_PT2
scTrioSeq2Rna_CRC01_PT2_303	SRR5824698	GSM2697262	CRC01_PT2
scTrioSeq2Rna_CRC01_PT2_304	SRR5824699	GSM2697263	CRC01_PT2
scTrioSeq2Rna_CRC01_PT2_306	SRR5824700	GSM2697264	CRC01_PT2
scTrioSeq2Rna_CRC01_PT2_307	SRR5824701	GSM2697265	CRC01_PT2
scTrioSeq2Rna_CRC01_PT2_308	SRR5824702	GSM2697266	CRC01_PT2
scTrioSeq2Rna_CRC01_PT2_315	SRR5824705	GSM2697269	CRC01_PT2
scTrioSeq2Rna_CRC01_PT2_317	SRR5824706	GSM2697270	CRC01_PT2
scTrioSeq2Rna_CRC01_PT2_318	SRR5824707	GSM2697271	CRC01_PT2
scTrioSeq2Rna_CRC01_PT2_319	SRR5824708	GSM2697272	CRC01_PT2
scTrioSeq2Rna_CRC01_PT2_320	SRR5824709	GSM2697273	CRC01_PT2
scTrioSeq2Rna_CRC01_PT2_325	SRR5824710	GSM2697274	CRC01_PT2
scTrioSeq2Rna_CRC01_PT2_326	SRR5824711	GSM2697275	CRC01_PT2
scTrioSeq2Rna_CRC01_PT2_459	SRR5824712	GSM2697276	CRC01_PT2
scTrioSeq2Rna_CRC01_PT2_460	SRR5824713	GSM2697277	CRC01_PT2
scTrioSeq2Rna_CRC01_PT2_461	SRR5824714	GSM2697278	CRC01_PT2
scTrioSeq2Rna_CRC01_PT2_463	SRR5824715	GSM2697279	CRC01_PT2
scTrioSeq2Rna_CRC01_PT2_464	SRR5824716	GSM2697280	CRC01_PT2
scTrioSeq2Rna_CRC01_PT2_465	SRR5824717	GSM2697281	CRC01_PT2
scTrioSeq2Rna_CRC01_PT2_467	SRR5824718	GSM2697282	CRC01_PT2
scTrioSeq2Rna_CRC01_PT2_482	SRR5824719	GSM2697283	CRC01_PT2
scTrioSeq2Rna_CRC01_PT2_483	SRR5824720	GSM2697284	CRC01_PT2
scTrioSeq2Rna_CRC01_PT2_484	SRR5824721	GSM2697285	CRC01_PT2
scTrioSeq2Rna_CRC01_PT2_537	SRR5824722	GSM2697286	CRC01_PT2
scTrioSeq2Rna_CRC01_PT2_538	SRR5824723	GSM2697287	CRC01_PT2
scTrioSeq2Rna_CRC01_PT2_539	SRR5824724	GSM2697288	CRC01_PT2
scTrioSeq2Rna_CRC01_PT2_542	SRR5824725	GSM2697289	CRC01_PT2
scTrioSeq2Rna_CRC01_PT2_547	SRR5824726	GSM2697290	CRC01_PT2
scTrioSeq2Rna_CRC01_PT2_549	SRR5824727	GSM2697291	CRC01_PT2
scTrioSeq2Rna_CRC01_PT2_550	SRR5824728	GSM2697292	CRC01_PT2
scTrioSeq2Rna_CRC01_PT2_556	SRR5824729	GSM2697293	CRC01_PT2
scTrioSeq2Rna_CRC01_PT2_560	SRR5824730	GSM2697294	CRC01_PT2
scTrioSeq2Rna_CRC01_PT3_330	SRR5824731	GSM2697295	CRC01_PT3
scTrioSeq2Rna_CRC01_PT3_331	SRR5824732	GSM2697296	CRC01_PT3
scTrioSeq2Rna_CRC01_PT3_332	SRR5824733	GSM2697297	CRC01_PT3
scTrioSeq2Rna_CRC01_PT3_335	SRR5824735	GSM2697299	CRC01_PT3
scTrioSeq2Rna_CRC01_PT3_337	SRR5824736	GSM2697300	CRC01_PT3
scTrioSeq2Rna_CRC01_PT3_338	SRR5824737	GSM2697301	CRC01_PT3
scTrioSeq2Rna_CRC01_PT3_340	SRR5824738	GSM2697302	CRC01_PT3
scTrioSeq2Rna_CRC01_PT3_342	SRR5824739	GSM2697303	CRC01_PT3
scTrioSeq2Rna_CRC01_PT3_343	SRR5824740	GSM2697304	CRC01_PT3
scTrioSeq2Rna_CRC01_PT3_344	SRR5824741	GSM2697305	CRC01_PT3
scTrioSeq2Rna_CRC01_PT3_345	SRR5824742	GSM2697306	CRC01_PT3
scTrioSeq2Rna_CRC01_PT3_346	SRR5824743	GSM2697307	CRC01_PT3
scTrioSeq2Rna_CRC01_PT3_347	SRR5824744	GSM2697308	CRC01_PT3
scTrioSeq2Rna_CRC01_PT3_349	SRR5824745	GSM2697309	CRC01_PT3
scTrioSeq2Rna_CRC01_PT3_351	SRR5824747	GSM2697311	CRC01_PT3
scTrioSeq2Rna_CRC01_PT3_352	SRR5824748	GSM2697312	CRC01_PT3
scTrioSeq2Rna_CRC01_PT3_356	SRR5824749	GSM2697313	CRC01_PT3
scTrioSeq2Rna_CRC01_PT3_359	SRR5824750	GSM2697314	CRC01_PT3
scTrioSeq2Rna_CRC01_PT3_361	SRR5824751	GSM2697315	CRC01_PT3
scTrioSeq2Rna_CRC01_PT3_362	SRR5824752	GSM2697316	CRC01_PT3
scTrioSeq2Rna_CRC01_PT3_363	SRR5824753	GSM2697317	CRC01_PT3
scTrioSeq2Rna_CRC01_PT3_364	SRR5824754	GSM2697318	CRC01_PT3
scTrioSeq2Rna_CRC01_PT3_367	SRR5824755	GSM2697319	CRC01_PT3
scTrioSeq2Rna_CRC01_PT3_368	SRR5824756	GSM2697320	CRC01_PT3
scTrioSeq2Rna_CRC01_PT3_384	SRR5824758	GSM2697322	CRC01_PT3
scTrioSeq2Rna_CRC01_PT3_385	SRR5824759	GSM2697323	CRC01_PT3
scTrioSeq2Rna_CRC01_PT3_386	SRR5824760	GSM2697324	CRC01_PT3
scTrioSeq2Rna_CRC01_PT3_390	SRR5824762	GSM2697326	CRC01_PT3
scTrioSeq2Rna_CRC01_PT3_392	SRR5824763	GSM2697327	CRC01_PT3
scTrioSeq2Rna_CRC01_PT3_433	SRR5824764	GSM2697328	CRC01_PT3
scTrioSeq2Rna_CRC01_PT3_437	SRR5824765	GSM2697329	CRC01_PT3
scTrioSeq2Rna_CRC01_PT4_369	SRR5824767	GSM2697331	CRC01_PT4
scTrioSeq2Rna_CRC01_PT4_370	SRR5824768	GSM2697332	CRC01_PT4
scTrioSeq2Rna_CRC01_PT4_372	SRR5824769	GSM2697333	CRC01_PT4
scTrioSeq2Rna_CRC01_PT4_373	SRR5824770	GSM2697334	CRC01_PT4
scTrioSeq2Rna_CRC01_PT4_377	SRR5824772	GSM2697336	CRC01_PT4
scTrioSeq2Rna_CRC01_PT4_403	SRR5824773	GSM2697337	CRC01_PT4
scTrioSeq2Rna_CRC01_PT4_404	SRR5824774	GSM2697338	CRC01_PT4
scTrioSeq2Rna_CRC01_PT4_405	SRR5824775	GSM2697339	CRC01_PT4
scTrioSeq2Rna_CRC01_PT4_409	SRR5824776	GSM2697340	CRC01_PT4
scTrioSeq2Rna_CRC01_PT4_411	SRR5824777	GSM2697341	CRC01_PT4
scTrioSeq2Rna_CRC01_PT4_413	SRR5824779	GSM2697343	CRC01_PT4
scTrioSeq2Rna_CRC01_PT4_414	SRR5824780	GSM2697344	CRC01_PT4
scTrioSeq2Rna_CRC01_PT4_416	SRR5824781	GSM2697345	CRC01_PT4
scTrioSeq2Rna_CRC01_PT4_419	SRR5824782	GSM2697346	CRC01_PT4
scTrioSeq2Rna_CRC01_PT4_421	SRR5824783	GSM2697347	CRC01_PT4
scTrioSeq2Rna_CRC01_PT4_424	SRR5824784	GSM2697348	CRC01_PT4
scTrioSeq2Rna_CRC02_ML1_001	SRR5824785	GSM2697349	CRC02_ML1
scTrioSeq2Rna_CRC02_ML1_002	SRR5824786	GSM2697350	CRC02_ML1
scTrioSeq2Rna_CRC02_ML1_004	SRR5824787	GSM2697351	CRC02_ML1
scTrioSeq2Rna_CRC02_ML1_006	SRR5824788	GSM2697352	CRC02_ML1
scTrioSeq2Rna_CRC02_ML1_007	SRR5824789	GSM2697353	CRC02_ML1
scTrioSeq2Rna_CRC02_ML1_008	SRR5824790	GSM2697354	CRC02_ML1
scTrioSeq2Rna_CRC02_ML1_009	SRR5824791	GSM2697355	CRC02_ML1
scTrioSeq2Rna_CRC02_ML1_010	SRR5824792	GSM2697356	CRC02_ML1
scTrioSeq2Rna_CRC02_ML1_012	SRR5824793	GSM2697357	CRC02_ML1
scTrioSeq2Rna_CRC02_ML1_013	SRR5824794	GSM2697358	CRC02_ML1
scTrioSeq2Rna_CRC02_ML1_014	SRR5824795	GSM2697359	CRC02_ML1
scTrioSeq2Rna_CRC02_ML1_015	SRR5824796	GSM2697360	CRC02_ML1
scTrioSeq2Rna_CRC02_ML1_016	SRR5824797	GSM2697361	CRC02_ML1
scTrioSeq2Rna_CRC02_ML1_017	SRR5824798	GSM2697362	CRC02_ML1
scTrioSeq2Rna_CRC02_ML1_018	SRR5824799	GSM2697363	CRC02_ML1
scTrioSeq2Rna_CRC02_ML1_020	SRR5824800	GSM2697364	CRC02_ML1
scTrioSeq2Rna_CRC02_ML1_022	SRR5824801	GSM2697365	CRC02_ML1
scTrioSeq2Rna_CRC02_ML1_023	SRR5824802	GSM2697366	CRC02_ML1
scTrioSeq2Rna_CRC02_ML1_024	SRR5824803	GSM2697367	CRC02_ML1
scTrioSeq2Rna_CRC02_ML1_025	SRR5824804	GSM2697368	CRC02_ML1
scTrioSeq2Rna_CRC02_ML1_026	SRR5824805	GSM2697369	CRC02_ML1
scTrioSeq2Rna_CRC02_ML1_027	SRR5824806	GSM2697370	CRC02_ML1
scTrioSeq2Rna_CRC02_ML1_028	SRR5824807	GSM2697371	CRC02_ML1
scTrioSeq2Rna_CRC02_ML1_029	SRR5824808	GSM2697372	CRC02_ML1
scTrioSeq2Rna_CRC02_ML1_031	SRR5824809	GSM2697373	CRC02_ML1
scTrioSeq2Rna_CRC02_ML1_032	SRR5824810	GSM2697374	CRC02_ML1
scTrioSeq2Rna_CRC02_ML1_033	SRR5824811	GSM2697375	CRC02_ML1
scTrioSeq2Rna_CRC02_ML1_035	SRR5824812	GSM2697376	CRC02_ML1
scTrioSeq2Rna_CRC02_ML1_036	SRR5824813	GSM2697377	CRC02_ML1
scTrioSeq2Rna_CRC02_ML1_037	SRR5824814	GSM2697378	CRC02_ML1
scTrioSeq2Rna_CRC02_ML1_038	SRR5824815	GSM2697379	CRC02_ML1
scTrioSeq2Rna_CRC02_ML1_039	SRR5824816	GSM2697380	CRC02_ML1
scTrioSeq2Rna_CRC02_ML1_040	SRR5824817	GSM2697381	CRC02_ML1
scTrioSeq2Rna_CRC02_ML1_041	SRR5824818	GSM2697382	CRC02_ML1
scTrioSeq2Rna_CRC02_ML1_042	SRR5824819	GSM2697383	CRC02_ML1
scTrioSeq2Rna_CRC02_ML1_043	SRR5824820	GSM2697384	CRC02_ML1
scTrioSeq2Rna_CRC02_ML1_044	SRR5824821	GSM2697385	CRC02_ML1
scTrioSeq2Rna_CRC02_ML1_045	SRR5824822	GSM2697386	CRC02_ML1
scTrioSeq2Rna_CRC02_ML1_046	SRR5824823	GSM2697387	CRC02_ML1
scTrioSeq2Rna_CRC02_ML1_047	SRR5824824	GSM2697388	CRC02_ML1
scTrioSeq2Rna_CRC02_ML1_048	SRR5824825	GSM2697389	CRC02_ML1
scTrioSeq2Rna_CRC02_ML1_075	SRR5824826	GSM2697390	CRC02_ML1
scTrioSeq2Rna_CRC02_ML1_077	SRR5824827	GSM2697391	CRC02_ML1
scTrioSeq2Rna_CRC02_ML1_078	SRR5824828	GSM2697392	CRC02_ML1
scTrioSeq2Rna_CRC02_ML1_079	SRR5824829	GSM2697393	CRC02_ML1
scTrioSeq2Rna_CRC02_ML1_080	SRR5824830	GSM2697394	CRC02_ML1
scTrioSeq2Rna_CRC02_ML1_081	SRR5824831	GSM2697395	CRC02_ML1
scTrioSeq2Rna_CRC02_ML1_082	SRR5824832	GSM2697396	CRC02_ML1
scTrioSeq2Rna_CRC02_ML1_083	SRR5824833	GSM2697397	CRC02_ML1
scTrioSeq2Rna_CRC02_ML1_084	SRR5824834	GSM2697398	CRC02_ML1
scTrioSeq2Rna_CRC02_ML1_085	SRR5824835	GSM2697399	CRC02_ML1
scTrioSeq2Rna_CRC02_ML1_088	SRR5824836	GSM2697400	CRC02_ML1
scTrioSeq2Rna_CRC02_ML1_090	SRR5824837	GSM2697401	CRC02_ML1
scTrioSeq2Rna_CRC02_ML1_091	SRR5824838	GSM2697402	CRC02_ML1
scTrioSeq2Rna_CRC02_ML1_092	SRR5824839	GSM2697403	CRC02_ML1
scTrioSeq2Rna_CRC02_ML1_093	SRR5824840	GSM2697404	CRC02_ML1
scTrioSeq2Rna_CRC02_ML1_096	SRR5824841	GSM2697405	CRC02_ML1
scTrioSeq2Rna_CRC02_ML2_177	SRR5824842	GSM2697406	CRC02_ML2
scTrioSeq2Rna_CRC02_ML2_179	SRR5824843	GSM2697407	CRC02_ML2
scTrioSeq2Rna_CRC02_ML3_315	SRR5824844	GSM2697408	CRC02_ML3
scTrioSeq2Rna_CRC02_ML3_316	SRR5824845	GSM2697409	CRC02_ML3
scTrioSeq2Rna_CRC02_ML3_317	SRR5824846	GSM2697410	CRC02_ML3
scTrioSeq2Rna_CRC02_ML3_318	SRR5824847	GSM2697411	CRC02_ML3
scTrioSeq2Rna_CRC02_ML4_105	SRR5824849	GSM2697413	CRC02_ML4
scTrioSeq2Rna_CRC02_ML4_106	SRR5824850	GSM2697414	CRC02_ML4
scTrioSeq2Rna_CRC02_ML4_107	SRR5824851	GSM2697415	CRC02_ML4
scTrioSeq2Rna_CRC02_ML4_108	SRR5824852	GSM2697416	CRC02_ML4
scTrioSeq2Rna_CRC02_ML4_109	SRR5824853	GSM2697417	CRC02_ML4
scTrioSeq2Rna_CRC02_ML4_110	SRR5824854	GSM2697418	CRC02_ML4
scTrioSeq2Rna_CRC02_ML4_111	SRR5824855	GSM2697419	CRC02_ML4
scTrioSeq2Rna_CRC02_ML4_112	SRR5824856	GSM2697420	CRC02_ML4
scTrioSeq2Rna_CRC02_ML4_113	SRR5824857	GSM2697421	CRC02_ML4
scTrioSeq2Rna_CRC02_ML4_114	SRR5824858	GSM2697422	CRC02_ML4
scTrioSeq2Rna_CRC02_ML4_115	SRR5824859	GSM2697423	CRC02_ML4
scTrioSeq2Rna_CRC02_ML4_116	SRR5824860	GSM2697424	CRC02_ML4
scTrioSeq2Rna_CRC02_ML4_117	SRR5824861	GSM2697425	CRC02_ML4
scTrioSeq2Rna_CRC02_ML4_118	SRR5824862	GSM2697426	CRC02_ML4
scTrioSeq2Rna_CRC02_ML4_119	SRR5824863	GSM2697427	CRC02_ML4
scTrioSeq2Rna_CRC02_ML4_120	SRR5824864	GSM2697428	CRC02_ML4
scTrioSeq2Rna_CRC02_ML4_122	SRR5824865	GSM2697429	CRC02_ML4
scTrioSeq2Rna_CRC02_ML4_123	SRR5824866	GSM2697430	CRC02_ML4
scTrioSeq2Rna_CRC02_ML4_124	SRR5824867	GSM2697431	CRC02_ML4
scTrioSeq2Rna_CRC02_ML4_125	SRR5824868	GSM2697432	CRC02_ML4
scTrioSeq2Rna_CRC02_ML4_126	SRR5824869	GSM2697433	CRC02_ML4
scTrioSeq2Rna_CRC02_ML4_129	SRR5824870	GSM2697434	CRC02_ML4
scTrioSeq2Rna_CRC02_ML4_130	SRR5824871	GSM2697435	CRC02_ML4
scTrioSeq2Rna_CRC02_ML4_131	SRR5824872	GSM2697436	CRC02_ML4
scTrioSeq2Rna_CRC02_ML4_132	SRR5824873	GSM2697437	CRC02_ML4
scTrioSeq2Rna_CRC02_ML4_133	SRR5824874	GSM2697438	CRC02_ML4
scTrioSeq2Rna_CRC02_ML4_134	SRR5824875	GSM2697439	CRC02_ML4
scTrioSeq2Rna_CRC02_ML4_154	SRR5824876	GSM2697440	CRC02_ML4
scTrioSeq2Rna_CRC02_ML4_155	SRR5824877	GSM2697441	CRC02_ML4
scTrioSeq2Rna_CRC02_ML4_157	SRR5824878	GSM2697442	CRC02_ML4
scTrioSeq2Rna_CRC02_ML4_158	SRR5824879	GSM2697443	CRC02_ML4
scTrioSeq2Rna_CRC02_ML4_160	SRR5824880	GSM2697444	CRC02_ML4
scTrioSeq2Rna_CRC02_ML4_161	SRR5824881	GSM2697445	CRC02_ML4
scTrioSeq2Rna_CRC02_ML4_162	SRR5824882	GSM2697446	CRC02_ML4
scTrioSeq2Rna_CRC02_ML4_165	SRR5824883	GSM2697447	CRC02_ML4
scTrioSeq2Rna_CRC02_ML4_169	SRR5824884	GSM2697448	CRC02_ML4
scTrioSeq2Rna_CRC02_ML4_170	SRR5824885	GSM2697449	CRC02_ML4
scTrioSeq2Rna_CRC02_ML4_171	SRR5824886	GSM2697450	CRC02_ML4
scTrioSeq2Rna_CRC02_ML4_174	SRR5824887	GSM2697451	CRC02_ML4
scTrioSeq2Rna_CRC02_ML4_176	SRR5824888	GSM2697452	CRC02_ML4
scTrioSeq2Rna_CRC02_ML4_209	SRR5824889	GSM2697453	CRC02_ML4
scTrioSeq2Rna_CRC02_ML4_210	SRR5824890	GSM2697454	CRC02_ML4
scTrioSeq2Rna_CRC02_ML4_211	SRR5824891	GSM2697455	CRC02_ML4
scTrioSeq2Rna_CRC02_ML4_212	SRR5824892	GSM2697456	CRC02_ML4
scTrioSeq2Rna_CRC02_ML4_214	SRR5824893	GSM2697457	CRC02_ML4
scTrioSeq2Rna_CRC02_ML4_215	SRR5824894	GSM2697458	CRC02_ML4
scTrioSeq2Rna_CRC02_ML4_216	SRR5824895	GSM2697459	CRC02_ML4
scTrioSeq2Rna_CRC02_ML4_218	SRR5824896	GSM2697460	CRC02_ML4
scTrioSeq2Rna_CRC02_ML4_221	SRR5824898	GSM2697462	CRC02_ML4
scTrioSeq2Rna_CRC02_ML4_222	SRR5824899	GSM2697463	CRC02_ML4
scTrioSeq2Rna_CRC02_PT1_243	SRR5824901	GSM2697465	CRC02_PT1
scTrioSeq2Rna_CRC02_PT1_244	SRR5824902	GSM2697466	CRC02_PT1
scTrioSeq2Rna_CRC02_PT1_247	SRR5824903	GSM2697467	CRC02_PT1
scTrioSeq2Rna_CRC02_PT1_263	SRR5824904	GSM2697468	CRC02_PT1
scTrioSeq2Rna_CRC02_PT2_272	SRR5824905	GSM2697469	CRC02_PT2
scTrioSeq2Rna_CRC02_PT2_275	SRR5824906	GSM2697470	CRC02_PT2
scTrioSeq2Rna_CRC02_PT2_276	SRR5824907	GSM2697471	CRC02_PT2
scTrioSeq2Rna_CRC02_PT4_324	SRR5824908	GSM2697472	CRC02_PT4
scTrioSeq2Rna_CRC02_PT4_325	SRR5824909	GSM2697473	CRC02_PT4
scTrioSeq2Rna_CRC02_PT4_326	SRR5824910	GSM2697474	CRC02_PT4
scTrioSeq2Rna_CRC02_PT4_328	SRR5824912	GSM2697476	CRC02_PT4
scTrioSeq2Rna_CRC02_PT4_330	SRR5824914	GSM2697478	CRC02_PT4
scTrioSeq2Rna_CRC02_PT4_331	SRR5824915	GSM2697479	CRC02_PT4
scTrioSeq2Rna_CRC02_PT5_307	SRR5824916	GSM2697480	CRC02_PT5
scTrioSeq2Rna_CRC02_PT5_309	SRR5824917	GSM2697481	CRC02_PT5
scTrioSeq2Rna_CRC02_PT6_297	SRR5824918	GSM2697482	CRC02_PT6
scTrioSeq2Rna_CRC02_PT6_299	SRR5824919	GSM2697483	CRC02_PT6
scTrioSeq2Rna_CRC02_PT6_300	SRR5824920	GSM2697484	CRC02_PT6
scTrioSeq2Rna_CRC02_PT6_301	SRR5824921	GSM2697485	CRC02_PT6
scTrioSeq2Rna_CRC02_PT6_302	SRR5824922	GSM2697486	CRC02_PT6
scTrioSeq2Rna_CRC02_PT6_303	SRR5824923	GSM2697487	CRC02_PT6
scTrioSeq2Rna_CRC03_PT1_097	SRR7461528	GSM3241384	CRC03_PT1
scTrioSeq2Rna_CRC03_PT1_098	SRR7461529	GSM3241385	CRC03_PT1
scTrioSeq2Rna_CRC03_PT1_099	SRR7461530	GSM3241386	CRC03_PT1
scTrioSeq2Rna_CRC03_PT1_102	SRR7461531	GSM3241387	CRC03_PT1
scTrioSeq2Rna_CRC03_PT1_103	SRR7461532	GSM3241388	CRC03_PT1
scTrioSeq2Rna_CRC03_PT1_104	SRR7461533	GSM3241389	CRC03_PT1
scTrioSeq2Rna_CRC03_PT1_105	SRR7461534	GSM3241390	CRC03_PT1
scTrioSeq2Rna_CRC03_PT1_106	SRR7461535	GSM3241391	CRC03_PT1
scTrioSeq2Rna_CRC03_PT1_107	SRR7461536	GSM3241392	CRC03_PT1
scTrioSeq2Rna_CRC03_PT1_108	SRR7461537	GSM3241393	CRC03_PT1
scTrioSeq2Rna_CRC03_PT1_109	SRR7461538	GSM3241394	CRC03_PT1
scTrioSeq2Rna_CRC03_PT1_110	SRR7461539	GSM3241395	CRC03_PT1
scTrioSeq2Rna_CRC03_PT1_111	SRR7461540	GSM3241396	CRC03_PT1
scTrioSeq2Rna_CRC03_PT1_112	SRR7461541	GSM3241397	CRC03_PT1
scTrioSeq2Rna_CRC03_PT1_113	SRR7461542	GSM3241398	CRC03_PT1
scTrioSeq2Rna_CRC03_PT1_114	SRR7461543	GSM3241399	CRC03_PT1
scTrioSeq2Rna_CRC03_PT1_115	SRR7461544	GSM3241400	CRC03_PT1
scTrioSeq2Rna_CRC03_PT1_116	SRR7461545	GSM3241401	CRC03_PT1
scTrioSeq2Rna_CRC03_PT1_117	SRR7461546	GSM3241402	CRC03_PT1
scTrioSeq2Rna_CRC03_PT1_118	SRR7461547	GSM3241403	CRC03_PT1
scTrioSeq2Rna_CRC03_PT1_120	SRR7461548	GSM3241404	CRC03_PT1
scTrioSeq2Rna_CRC03_PT1_121	SRR7461549	GSM3241405	CRC03_PT1
scTrioSeq2Rna_CRC03_PT1_122	SRR7461550	GSM3241406	CRC03_PT1
scTrioSeq2Rna_CRC03_PT1_123	SRR7461551	GSM3241407	CRC03_PT1
scTrioSeq2Rna_CRC03_PT1_124	SRR7461552	GSM3241408	CRC03_PT1
scTrioSeq2Rna_CRC03_PT1_125	SRR7461553	GSM3241409	CRC03_PT1
scTrioSeq2Rna_CRC03_PT1_126	SRR7461554	GSM3241410	CRC03_PT1
scTrioSeq2Rna_CRC03_PT1_127	SRR7461555	GSM3241411	CRC03_PT1
scTrioSeq2Rna_CRC03_PT1_128	SRR7461556	GSM3241412	CRC03_PT1
scTrioSeq2Rna_CRC03_PT1_129	SRR7461557	GSM3241413	CRC03_PT1
scTrioSeq2Rna_CRC03_PT1_131	SRR7461558	GSM3241414	CRC03_PT1
scTrioSeq2Rna_CRC03_PT1_132	SRR7461559	GSM3241415	CRC03_PT1
scTrioSeq2Rna_CRC03_PT1_133	SRR7461560	GSM3241416	CRC03_PT1
scTrioSeq2Rna_CRC03_PT1_134	SRR7461561	GSM3241417	CRC03_PT1
scTrioSeq2Rna_CRC03_PT1_136	SRR7461562	GSM3241418	CRC03_PT1
scTrioSeq2Rna_CRC03_PT1_137	SRR7461563	GSM3241419	CRC03_PT1
scTrioSeq2Rna_CRC03_PT1_138	SRR7461564	GSM3241420	CRC03_PT1
scTrioSeq2Rna_CRC03_PT1_139	SRR7461565	GSM3241421	CRC03_PT1
scTrioSeq2Rna_CRC03_PT1_140	SRR7461566	GSM3241422	CRC03_PT1
scTrioSeq2Rna_CRC03_PT1_141	SRR7461567	GSM3241423	CRC03_PT1
scTrioSeq2Rna_CRC03_PT1_142	SRR7461568	GSM3241424	CRC03_PT1
scTrioSeq2Rna_CRC03_PT1_143	SRR7461569	GSM3241425	CRC03_PT1
scTrioSeq2Rna_CRC03_PT1_144	SRR7461570	GSM3241426	CRC03_PT1
scTrioSeq2Rna_CRC03_PT2_145	SRR7461571	GSM3241427	CRC03_PT2
scTrioSeq2Rna_CRC03_PT2_146	SRR7461572	GSM3241428	CRC03_PT2
scTrioSeq2Rna_CRC03_PT2_147	SRR7461573	GSM3241429	CRC03_PT2
scTrioSeq2Rna_CRC03_PT2_148	SRR7461574	GSM3241430	CRC03_PT2
scTrioSeq2Rna_CRC03_PT2_149	SRR7461575	GSM3241431	CRC03_PT2
scTrioSeq2Rna_CRC03_PT2_150	SRR7461576	GSM3241432	CRC03_PT2
scTrioSeq2Rna_CRC03_PT2_151	SRR7461577	GSM3241433	CRC03_PT2
scTrioSeq2Rna_CRC03_PT2_152	SRR7461578	GSM3241434	CRC03_PT2
scTrioSeq2Rna_CRC03_PT2_153	SRR7461579	GSM3241435	CRC03_PT2
scTrioSeq2Rna_CRC03_PT2_154	SRR7461580	GSM3241436	CRC03_PT2
scTrioSeq2Rna_CRC03_PT2_155	SRR7461581	GSM3241437	CRC03_PT2
scTrioSeq2Rna_CRC03_PT2_156	SRR7461582	GSM3241438	CRC03_PT2
scTrioSeq2Rna_CRC03_PT2_157	SRR7461583	GSM3241439	CRC03_PT2
scTrioSeq2Rna_CRC03_PT2_158	SRR7461584	GSM3241440	CRC03_PT2
scTrioSeq2Rna_CRC03_PT2_159	SRR7461585	GSM3241441	CRC03_PT2
scTrioSeq2Rna_CRC03_PT2_160	SRR7461586	GSM3241442	CRC03_PT2
scTrioSeq2Rna_CRC03_PT2_161	SRR7461587	GSM3241443	CRC03_PT2
scTrioSeq2Rna_CRC03_PT2_162	SRR7461588	GSM3241444	CRC03_PT2
scTrioSeq2Rna_CRC03_PT2_163	SRR7461589	GSM3241445	CRC03_PT2
scTrioSeq2Rna_CRC03_PT2_164	SRR7461590	GSM3241446	CRC03_PT2
scTrioSeq2Rna_CRC03_PT2_165	SRR7461591	GSM3241447	CRC03_PT2
scTrioSeq2Rna_CRC03_PT2_166	SRR7461592	GSM3241448	CRC03_PT2
scTrioSeq2Rna_CRC03_PT2_168	SRR7461593	GSM3241449	CRC03_PT2
scTrioSeq2Rna_CRC03_PT2_169	SRR7461594	GSM3241450	CRC03_PT2
scTrioSeq2Rna_CRC03_PT2_170	SRR7461595	GSM3241451	CRC03_PT2
scTrioSeq2Rna_CRC03_PT2_171	SRR7461596	GSM3241452	CRC03_PT2
scTrioSeq2Rna_CRC03_PT2_172	SRR7461597	GSM3241453	CRC03_PT2
scTrioSeq2Rna_CRC03_PT2_173	SRR7461598	GSM3241454	CRC03_PT2
scTrioSeq2Rna_CRC03_PT2_174	SRR7461599	GSM3241455	CRC03_PT2
scTrioSeq2Rna_CRC03_PT2_175	SRR7461600	GSM3241456	CRC03_PT2
scTrioSeq2Rna_CRC03_PT2_176	SRR7461601	GSM3241457	CRC03_PT2
scTrioSeq2Rna_CRC03_PT2_177	SRR7461602	GSM3241458	CRC03_PT2
scTrioSeq2Rna_CRC03_PT2_180	SRR7461603	GSM3241459	CRC03_PT2
scTrioSeq2Rna_CRC03_PT2_181	SRR7461604	GSM3241460	CRC03_PT2
scTrioSeq2Rna_CRC03_PT2_182	SRR7461605	GSM3241461	CRC03_PT2
scTrioSeq2Rna_CRC03_PT2_184	SRR7461606	GSM3241462	CRC03_PT2
scTrioSeq2Rna_CRC03_PT2_185	SRR7461607	GSM3241463	CRC03_PT2
scTrioSeq2Rna_CRC03_PT2_189	SRR7461608	GSM3241464	CRC03_PT2
scTrioSeq2Rna_CRC03_PT2_190	SRR7461609	GSM3241465	CRC03_PT2
scTrioSeq2Rna_CRC03_PT2_191	SRR7461610	GSM3241466	CRC03_PT2
scTrioSeq2Rna_CRC03_PT2_192	SRR7461611	GSM3241467	CRC03_PT2
scTrioSeq2Rna_CRC03_PT3_241	SRR7461612	GSM3241468	CRC03_PT3
scTrioSeq2Rna_CRC03_PT3_242	SRR7461613	GSM3241469	CRC03_PT3
scTrioSeq2Rna_CRC03_PT3_243	SRR7461614	GSM3241470	CRC03_PT3
scTrioSeq2Rna_CRC03_PT3_244	SRR7461615	GSM3241471	CRC03_PT3
scTrioSeq2Rna_CRC03_PT3_245	SRR7461616	GSM3241472	CRC03_PT3
scTrioSeq2Rna_CRC03_PT3_246	SRR7461617	GSM3241473	CRC03_PT3
scTrioSeq2Rna_CRC03_PT3_247	SRR7461618	GSM3241474	CRC03_PT3
scTrioSeq2Rna_CRC03_PT3_248	SRR7461619	GSM3241475	CRC03_PT3
scTrioSeq2Rna_CRC03_PT3_249	SRR7461620	GSM3241476	CRC03_PT3
scTrioSeq2Rna_CRC03_PT3_250	SRR7461621	GSM3241477	CRC03_PT3
scTrioSeq2Rna_CRC03_PT3_251	SRR7461622	GSM3241478	CRC03_PT3
scTrioSeq2Rna_CRC03_PT3_252	SRR7461623	GSM3241479	CRC03_PT3
scTrioSeq2Rna_CRC03_PT3_253	SRR7461624	GSM3241480	CRC03_PT3
scTrioSeq2Rna_CRC03_PT3_254	SRR7461625	GSM3241481	CRC03_PT3
scTrioSeq2Rna_CRC03_PT3_255	SRR7461626	GSM3241482	CRC03_PT3
scTrioSeq2Rna_CRC03_PT3_256	SRR7461627	GSM3241483	CRC03_PT3
scTrioSeq2Rna_CRC03_PT3_257	SRR7461628	GSM3241484	CRC03_PT3
scTrioSeq2Rna_CRC03_PT3_258	SRR7461629	GSM3241485	CRC03_PT3
scTrioSeq2Rna_CRC03_PT3_259	SRR7461630	GSM3241486	CRC03_PT3
scTrioSeq2Rna_CRC03_PT3_260	SRR7461631	GSM3241487	CRC03_PT3
scTrioSeq2Rna_CRC03_PT3_261	SRR7461632	GSM3241488	CRC03_PT3
scTrioSeq2Rna_CRC03_PT3_263	SRR7461633	GSM3241489	CRC03_PT3
scTrioSeq2Rna_CRC03_PT3_264	SRR7461634	GSM3241490	CRC03_PT3
scTrioSeq2Rna_CRC03_PT3_265	SRR7461635	GSM3241491	CRC03_PT3
scTrioSeq2Rna_CRC03_PT3_266	SRR7461636	GSM3241492	CRC03_PT3
scTrioSeq2Rna_CRC03_PT3_267	SRR7461637	GSM3241493	CRC03_PT3
scTrioSeq2Rna_CRC03_PT3_268	SRR7461638	GSM3241494	CRC03_PT3
scTrioSeq2Rna_CRC03_PT3_269	SRR7461639	GSM3241495	CRC03_PT3
scTrioSeq2Rna_CRC03_PT3_271	SRR7461640	GSM3241496	CRC03_PT3
scTrioSeq2Rna_CRC03_PT3_275	SRR7461641	GSM3241497	CRC03_PT3
scTrioSeq2Rna_CRC03_PT3_276	SRR7461642	GSM3241498	CRC03_PT3
scTrioSeq2Rna_CRC03_PT3_277	SRR7461643	GSM3241499	CRC03_PT3
scTrioSeq2Rna_CRC03_PT3_278	SRR7461644	GSM3241500	CRC03_PT3
scTrioSeq2Rna_CRC03_PT3_279	SRR7461645	GSM3241501	CRC03_PT3
scTrioSeq2Rna_CRC03_PT3_280	SRR7461646	GSM3241502	CRC03_PT3
scTrioSeq2Rna_CRC03_PT3_281	SRR7461647	GSM3241503	CRC03_PT3
scTrioSeq2Rna_CRC03_PT3_282	SRR7461648	GSM3241504	CRC03_PT3
scTrioSeq2Rna_CRC03_PT3_283	SRR7461649	GSM3241505	CRC03_PT3
scTrioSeq2Rna_CRC03_PT3_284	SRR7461650	GSM3241506	CRC03_PT3
scTrioSeq2Rna_CRC03_PT3_285	SRR7461651	GSM3241507	CRC03_PT3
scTrioSeq2Rna_CRC03_PT3_286	SRR7461652	GSM3241508	CRC03_PT3
scTrioSeq2Rna_CRC03_PT3_287	SRR7461653	GSM3241509	CRC03_PT3
scTrioSeq2Rna_CRC03_PT3_288	SRR7461654	GSM3241510	CRC03_PT3
scTrioSeq2Rna_CRC03_PT4_198	SRR7461658	GSM3241514	CRC03_PT4
scTrioSeq2Rna_CRC03_PT4_215	SRR7461670	GSM3241526	CRC03_PT4
scTrioSeq2Rna_CRC03_PT4_233	SRR7461678	GSM3241534	CRC03_PT4
scTrioSeq2Rna_CRC03_LN2_070	SRR7461682	GSM3241538	CRC03_LN2
scTrioSeq2Rna_CRC06_PT1_140	SRR7461684	GSM3241540	CRC06_PT1
scTrioSeq2Rna_CRC04_LN1_349	SRR7461687	GSM3241543	CRC04_LN1
scTrioSeq2Rna_CRC04_LN1_350	SRR7461688	GSM3241544	CRC04_LN1
scTrioSeq2Rna_CRC04_LN1_351	SRR7461689	GSM3241545	CRC04_LN1
scTrioSeq2Rna_CRC04_LN1_352	SRR7461690	GSM3241546	CRC04_LN1
scTrioSeq2Rna_CRC04_LN1_353	SRR7461691	GSM3241547	CRC04_LN1
scTrioSeq2Rna_CRC04_LN1_354	SRR7461692	GSM3241548	CRC04_LN1
scTrioSeq2Rna_CRC04_LN1_355	SRR7461693	GSM3241549	CRC04_LN1
scTrioSeq2Rna_CRC04_LN1_356	SRR7461694	GSM3241550	CRC04_LN1
scTrioSeq2Rna_CRC04_LN1_357	SRR7461695	GSM3241551	CRC04_LN1
scTrioSeq2Rna_CRC04_LN1_358	SRR7461696	GSM3241552	CRC04_LN1
scTrioSeq2Rna_CRC04_LN1_360	SRR7461697	GSM3241553	CRC04_LN1
scTrioSeq2Rna_CRC04_LN1_361	SRR7461698	GSM3241554	CRC04_LN1
scTrioSeq2Rna_CRC04_LN1_362	SRR7461699	GSM3241555	CRC04_LN1
scTrioSeq2Rna_CRC04_LN1_363	SRR7461700	GSM3241556	CRC04_LN1
scTrioSeq2Rna_CRC04_LN1_364	SRR7461701	GSM3241557	CRC04_LN1
scTrioSeq2Rna_CRC04_LN1_365	SRR7461702	GSM3241558	CRC04_LN1
scTrioSeq2Rna_CRC04_LN1_366	SRR7461703	GSM3241559	CRC04_LN1
scTrioSeq2Rna_CRC04_LN1_367	SRR7461704	GSM3241560	CRC04_LN1
scTrioSeq2Rna_CRC04_LN1_368	SRR7461705	GSM3241561	CRC04_LN1
scTrioSeq2Rna_CRC04_LN1_369	SRR7461706	GSM3241562	CRC04_LN1
scTrioSeq2Rna_CRC04_LN1_371	SRR7461707	GSM3241563	CRC04_LN1
scTrioSeq2Rna_CRC04_LN1_372	SRR7461708	GSM3241564	CRC04_LN1
scTrioSeq2Rna_CRC04_LN1_373	SRR7461709	GSM3241565	CRC04_LN1
scTrioSeq2Rna_CRC04_LN1_374	SRR7461710	GSM3241566	CRC04_LN1
scTrioSeq2Rna_CRC04_LN1_375	SRR7461711	GSM3241567	CRC04_LN1
scTrioSeq2Rna_CRC04_LN1_376	SRR7461712	GSM3241568	CRC04_LN1
scTrioSeq2Rna_CRC04_LN1_377	SRR7461713	GSM3241569	CRC04_LN1
scTrioSeq2Rna_CRC04_LN1_378	SRR7461714	GSM3241570	CRC04_LN1
scTrioSeq2Rna_CRC04_LN1_380	SRR7461715	GSM3241571	CRC04_LN1
scTrioSeq2Rna_CRC04_LN1_381	SRR7461716	GSM3241572	CRC04_LN1
scTrioSeq2Rna_CRC04_LN1_401	SRR7461718	GSM3241574	CRC04_LN1
scTrioSeq2Rna_CRC04_LN1_402	SRR7461719	GSM3241575	CRC04_LN1
scTrioSeq2Rna_CRC04_LN1_403	SRR7461720	GSM3241576	CRC04_LN1
scTrioSeq2Rna_CRC04_LN2_464	SRR7461721	GSM3241577	CRC04_LN2
scTrioSeq2Rna_CRC04_LN2_465	SRR7461722	GSM3241578	CRC04_LN2
scTrioSeq2Rna_CRC04_LN2_466	SRR7461723	GSM3241579	CRC04_LN2
scTrioSeq2Rna_CRC04_LN2_468	SRR7461724	GSM3241580	CRC04_LN2
scTrioSeq2Rna_CRC04_LN2_469	SRR7461725	GSM3241581	CRC04_LN2
scTrioSeq2Rna_CRC04_LN2_470	SRR7461726	GSM3241582	CRC04_LN2
scTrioSeq2Rna_CRC04_LN2_472	SRR7461727	GSM3241583	CRC04_LN2
scTrioSeq2Rna_CRC04_LN2_473	SRR7461728	GSM3241584	CRC04_LN2
scTrioSeq2Rna_CRC04_LN2_474	SRR7461729	GSM3241585	CRC04_LN2
scTrioSeq2Rna_CRC04_LN2_475	SRR7461730	GSM3241586	CRC04_LN2
scTrioSeq2Rna_CRC04_LN2_476	SRR7461731	GSM3241587	CRC04_LN2
scTrioSeq2Rna_CRC04_LN2_477	SRR7461732	GSM3241588	CRC04_LN2
scTrioSeq2Rna_CRC04_LN2_479	SRR7461733	GSM3241589	CRC04_LN2
scTrioSeq2Rna_CRC04_LN2_480	SRR7461734	GSM3241590	CRC04_LN2
scTrioSeq2Rna_CRC04_LN2_481	SRR7461735	GSM3241591	CRC04_LN2
scTrioSeq2Rna_CRC04_LN2_484	SRR7461736	GSM3241592	CRC04_LN2
scTrioSeq2Rna_CRC04_LN2_485	SRR7461737	GSM3241593	CRC04_LN2
scTrioSeq2Rna_CRC04_LN2_486	SRR7461738	GSM3241594	CRC04_LN2
scTrioSeq2Rna_CRC04_LN2_487	SRR7461739	GSM3241595	CRC04_LN2
scTrioSeq2Rna_CRC04_LN2_488	SRR7461740	GSM3241596	CRC04_LN2
scTrioSeq2Rna_CRC04_LN2_489	SRR7461741	GSM3241597	CRC04_LN2
scTrioSeq2Rna_CRC04_LN2_490	SRR7461742	GSM3241598	CRC04_LN2
scTrioSeq2Rna_CRC04_LN2_492	SRR7461743	GSM3241599	CRC04_LN2
scTrioSeq2Rna_CRC04_LN2_493	SRR7461744	GSM3241600	CRC04_LN2
scTrioSeq2Rna_CRC04_LN2_494	SRR7461745	GSM3241601	CRC04_LN2
scTrioSeq2Rna_CRC04_LN2_495	SRR7461746	GSM3241602	CRC04_LN2
scTrioSeq2Rna_CRC04_LN2_496	SRR7461747	GSM3241603	CRC04_LN2
scTrioSeq2Rna_CRC04_LN3_330	SRR7461748	GSM3241604	CRC04_LN3
scTrioSeq2Rna_CRC04_LN3_337	SRR7461749	GSM3241605	CRC04_LN3
scTrioSeq2Rna_CRC04_LN4_451	SRR7461750	GSM3241606	CRC04_LN4
scTrioSeq2Rna_CRC04_PT2_533	SRR7461751	GSM3241607	CRC04_PT2
scTrioSeq2Rna_CRC04_PT2_537	SRR7461752	GSM3241608	CRC04_PT2
scTrioSeq2Rna_CRC04_PT2_538	SRR7461753	GSM3241609	CRC04_PT2
scTrioSeq2Rna_CRC04_PT2_540	SRR7461754	GSM3241610	CRC04_PT2
scTrioSeq2Rna_CRC04_PT2_541	SRR7461755	GSM3241611	CRC04_PT2
scTrioSeq2Rna_CRC04_PT2_544	SRR7461756	GSM3241612	CRC04_PT2
scTrioSeq2Rna_CRC04_PT2_546	SRR7461757	GSM3241613	CRC04_PT2
scTrioSeq2Rna_CRC04_PT2_548	SRR7461758	GSM3241614	CRC04_PT2
scTrioSeq2Rna_CRC04_PT2_549	SRR7461759	GSM3241615	CRC04_PT2
scTrioSeq2Rna_CRC04_PT2_555	SRR7461760	GSM3241616	CRC04_PT2
scTrioSeq2Rna_CRC04_PT2_559	SRR7461761	GSM3241617	CRC04_PT2
scTrioSeq2Rna_CRC04_PT2_562	SRR7461762	GSM3241618	CRC04_PT2
scTrioSeq2Rna_CRC04_PT5_701	SRR7461763	GSM3241619	CRC04_PT5
scTrioSeq2Rna_CRC04_PT5_703	SRR7461764	GSM3241620	CRC04_PT5
scTrioSeq2Rna_CRC04_PT5_706	SRR7461765	GSM3241621	CRC04_PT5
scTrioSeq2Rna_CRC04_PT5_709	SRR7461766	GSM3241622	CRC04_PT5
scTrioSeq2Rna_CRC04_PT5_712	SRR7461767	GSM3241623	CRC04_PT5
scTrioSeq2Rna_CRC04_PT5_714	SRR7461768	GSM3241624	CRC04_PT5
scTrioSeq2Rna_CRC04_PT5_716	SRR7461769	GSM3241625	CRC04_PT5
scTrioSeq2Rna_CRC04_PT5_717	SRR7461770	GSM3241626	CRC04_PT5
scTrioSeq2Rna_CRC04_PT5_722	SRR7461771	GSM3241627	CRC04_PT5
scTrioSeq2Rna_CRC04_PT5_724	SRR7461772	GSM3241628	CRC04_PT5
scTrioSeq2Rna_CRC04_PT5_725	SRR7461773	GSM3241629	CRC04_PT5
scTrioSeq2Rna_CRC04_PT5_726	SRR7461774	GSM3241630	CRC04_PT5
scTrioSeq2Rna_CRC04_PT5_727	SRR7461775	GSM3241631	CRC04_PT5
scTrioSeq2Rna_CRC04_PT5_728	SRR7461776	GSM3241632	CRC04_PT5
scTrioSeq2Rna_CRC04_PT5_729	SRR7461777	GSM3241633	CRC04_PT5
scTrioSeq2Rna_CRC04_PT5_730	SRR7461778	GSM3241634	CRC04_PT5
scTrioSeq2Rna_CRC06_LN1_047	SRR7461779	GSM3241635	CRC06_LN1
scTrioSeq2Rna_CRC11_PT1_449	SRR7461780	GSM3241636	CRC11_PT1
scTrioSeq2Rna_CRC11_PT1_450	SRR7461781	GSM3241637	CRC11_PT1
scTrioSeq2Rna_CRC11_PT1_451	SRR7461782	GSM3241638	CRC11_PT1
scTrioSeq2Rna_CRC11_PT1_452	SRR7461783	GSM3241639	CRC11_PT1
scTrioSeq2Rna_CRC11_PT1_453	SRR7461784	GSM3241640	CRC11_PT1
scTrioSeq2Rna_CRC11_PT1_454	SRR7461785	GSM3241641	CRC11_PT1
scTrioSeq2Rna_CRC11_PT1_455	SRR7461786	GSM3241642	CRC11_PT1
scTrioSeq2Rna_CRC11_PT1_456	SRR7461787	GSM3241643	CRC11_PT1
scTrioSeq2Rna_CRC11_PT1_457	SRR7461788	GSM3241644	CRC11_PT1
scTrioSeq2Rna_CRC11_PT1_458	SRR7461789	GSM3241645	CRC11_PT1
scTrioSeq2Rna_CRC11_PT1_459	SRR7461790	GSM3241646	CRC11_PT1
scTrioSeq2Rna_CRC11_PT1_461	SRR7461791	GSM3241647	CRC11_PT1
scTrioSeq2Rna_CRC11_PT1_463	SRR7461792	GSM3241648	CRC11_PT1
scTrioSeq2Rna_CRC11_PT1_464	SRR7461793	GSM3241649	CRC11_PT1
scTrioSeq2Rna_CRC11_PT1_465	SRR7461794	GSM3241650	CRC11_PT1
scTrioSeq2Rna_CRC11_PT1_466	SRR7461795	GSM3241651	CRC11_PT1
scTrioSeq2Rna_CRC11_PT1_467	SRR7461796	GSM3241652	CRC11_PT1
scTrioSeq2Rna_CRC11_PT1_468	SRR7461797	GSM3241653	CRC11_PT1
scTrioSeq2Rna_CRC11_PT1_469	SRR7461798	GSM3241654	CRC11_PT1
scTrioSeq2Rna_CRC11_PT1_470	SRR7461799	GSM3241655	CRC11_PT1
scTrioSeq2Rna_CRC11_PT1_472	SRR7461800	GSM3241656	CRC11_PT1
scTrioSeq2Rna_CRC11_PT1_533	SRR7461801	GSM3241657	CRC11_PT1
scTrioSeq2Rna_CRC11_PT1_534	SRR7461802	GSM3241658	CRC11_PT1
scTrioSeq2Rna_CRC11_PT1_535	SRR7461803	GSM3241659	CRC11_PT1
scTrioSeq2Rna_CRC11_PT1_536	SRR7461804	GSM3241660	CRC11_PT1
scTrioSeq2Rna_CRC11_PT1_537	SRR7461805	GSM3241661	CRC11_PT1
scTrioSeq2Rna_CRC11_PT1_540	SRR7461806	GSM3241662	CRC11_PT1
scTrioSeq2Rna_CRC11_PT1_542	SRR7461807	GSM3241663	CRC11_PT1
scTrioSeq2Rna_CRC11_PT1_425	SRR7461808	GSM3241664	CRC11_PT1
scTrioSeq2Rna_CRC11_PT1_426	SRR7461809	GSM3241665	CRC11_PT1
scTrioSeq2Rna_CRC11_PT1_427	SRR7461810	GSM3241666	CRC11_PT1
scTrioSeq2Rna_CRC11_PT1_428	SRR7461811	GSM3241667	CRC11_PT1
scTrioSeq2Rna_CRC11_PT1_429	SRR7461812	GSM3241668	CRC11_PT1
scTrioSeq2Rna_CRC11_PT1_430	SRR7461813	GSM3241669	CRC11_PT1
scTrioSeq2Rna_CRC11_PT1_431	SRR7461814	GSM3241670	CRC11_PT1
scTrioSeq2Rna_CRC11_PT1_433	SRR7461815	GSM3241671	CRC11_PT1
scTrioSeq2Rna_CRC11_PT1_434	SRR7461816	GSM3241672	CRC11_PT1
scTrioSeq2Rna_CRC11_PT1_435	SRR7461817	GSM3241673	CRC11_PT1
scTrioSeq2Rna_CRC11_PT1_436	SRR7461818	GSM3241674	CRC11_PT1
scTrioSeq2Rna_CRC11_PT1_437	SRR7461819	GSM3241675	CRC11_PT1
scTrioSeq2Rna_CRC11_PT1_438	SRR7461820	GSM3241676	CRC11_PT1
scTrioSeq2Rna_CRC11_PT1_439	SRR7461821	GSM3241677	CRC11_PT1
scTrioSeq2Rna_CRC11_PT1_440	SRR7461822	GSM3241678	CRC11_PT1
scTrioSeq2Rna_CRC11_PT1_441	SRR7461823	GSM3241679	CRC11_PT1
scTrioSeq2Rna_CRC11_PT1_442	SRR7461824	GSM3241680	CRC11_PT1
scTrioSeq2Rna_CRC11_PT1_443	SRR7461825	GSM3241681	CRC11_PT1
scTrioSeq2Rna_CRC11_PT1_444	SRR7461826	GSM3241682	CRC11_PT1
scTrioSeq2Rna_CRC11_PT1_445	SRR7461827	GSM3241683	CRC11_PT1
scTrioSeq2Rna_CRC11_PT1_446	SRR7461828	GSM3241684	CRC11_PT1
scTrioSeq2Rna_CRC11_PT1_447	SRR7461829	GSM3241685	CRC11_PT1
scTrioSeq2Rna_CRC11_PT1_448	SRR7461830	GSM3241686	CRC11_PT1
scTrioSeq2Rna_CRC11_PT2_485	SRR7461831	GSM3241687	CRC11_PT2
scTrioSeq2Rna_CRC11_PT2_486	SRR7461832	GSM3241688	CRC11_PT2
scTrioSeq2Rna_CRC11_PT2_496	SRR7461833	GSM3241689	CRC11_PT2
scTrioSeq2Rna_CRC11_PT2_504	SRR7461835	GSM3241691	CRC11_PT2
scTrioSeq2Rna_CRC11_PT2_508	SRR7461836	GSM3241692	CRC11_PT2
scTrioSeq2Rna_CRC11_PT2_525	SRR7461837	GSM3241693	CRC11_PT2
scTrioSeq2Rna_CRC11_PT3_749	SRR7461838	GSM3241694	CRC11_PT3
scTrioSeq2Rna_CRC11_PT3_752	SRR7461839	GSM3241695	CRC11_PT3
scTrioSeq2Rna_CRC11_PT3_755	SRR7461840	GSM3241696	CRC11_PT3
scTrioSeq2Rna_CRC11_PT3_756	SRR7461841	GSM3241697	CRC11_PT3
scTrioSeq2Rna_CRC11_PT3_757	SRR7461842	GSM3241698	CRC11_PT3
scTrioSeq2Rna_CRC11_PT3_758	SRR7461843	GSM3241699	CRC11_PT3
scTrioSeq2Rna_CRC11_PT3_759	SRR7461844	GSM3241700	CRC11_PT3
scTrioSeq2Rna_CRC11_PT3_760	SRR7461845	GSM3241701	CRC11_PT3
scTrioSeq2Rna_CRC11_PT3_762	SRR7461846	GSM3241702	CRC11_PT3
scTrioSeq2Rna_CRC11_PT3_763	SRR7461847	GSM3241703	CRC11_PT3
scTrioSeq2Rna_CRC11_PT3_764	SRR7461848	GSM3241704	CRC11_PT3
scTrioSeq2Rna_CRC11_PT3_766	SRR7461849	GSM3241705	CRC11_PT3
scTrioSeq2Rna_CRC11_PT3_769	SRR7461850	GSM3241706	CRC11_PT3
scTrioSeq2Rna_CRC11_PT3_770	SRR7461851	GSM3241707	CRC11_PT3
scTrioSeq2Rna_CRC11_PT3_772	SRR7461852	GSM3241708	CRC11_PT3
scTrioSeq2Rna_CRC11_PT3_773	SRR7461853	GSM3241709	CRC11_PT3
scTrioSeq2Rna_CRC11_PT3_774	SRR7461854	GSM3241710	CRC11_PT3
scTrioSeq2Rna_CRC11_PT3_776	SRR7461855	GSM3241711	CRC11_PT3
scTrioSeq2Rna_CRC11_PT3_778	SRR7461857	GSM3241713	CRC11_PT3
scTrioSeq2Rna_CRC11_PT3_779	SRR7461858	GSM3241714	CRC11_PT3
scTrioSeq2Rna_CRC11_PT3_781	SRR7461859	GSM3241715	CRC11_PT3
scTrioSeq2Rna_CRC11_PT3_785	SRR7461861	GSM3241717	CRC11_PT3
scTrioSeq2Rna_CRC11_PT3_786	SRR7461862	GSM3241718	CRC11_PT3
scTrioSeq2Rna_CRC11_PT3_787	SRR7461863	GSM3241719	CRC11_PT3
scTrioSeq2Rna_CRC11_PT3_788	SRR7461864	GSM3241720	CRC11_PT3
scTrioSeq2Rna_CRC11_PT3_789	SRR7461865	GSM3241721	CRC11_PT3
scTrioSeq2Rna_CRC11_PT3_790	SRR7461866	GSM3241722	CRC11_PT3
scTrioSeq2Rna_CRC11_PT3_791	SRR7461867	GSM3241723	CRC11_PT3
scTrioSeq2Rna_CRC11_PT3_792	SRR7461868	GSM3241724	CRC11_PT3
scTrioSeq2Rna_CRC11_PT3_794	SRR7461869	GSM3241725	CRC11_PT3
scTrioSeq2Rna_CRC11_PT3_795	SRR7461870	GSM3241726	CRC11_PT3
scTrioSeq2Rna_CRC11_PT3_796	SRR7461871	GSM3241727	CRC11_PT3
scTrioSeq2Rna_CRC11_PT4_701	SRR7461872	GSM3241728	CRC11_PT4
scTrioSeq2Rna_CRC11_PT4_702	SRR7461873	GSM3241729	CRC11_PT4
scTrioSeq2Rna_CRC11_PT4_703	SRR7461874	GSM3241730	CRC11_PT4
scTrioSeq2Rna_CRC11_PT4_704	SRR7461875	GSM3241731	CRC11_PT4
scTrioSeq2Rna_CRC11_PT4_706	SRR7461876	GSM3241732	CRC11_PT4
scTrioSeq2Rna_CRC11_PT4_707	SRR7461877	GSM3241733	CRC11_PT4
scTrioSeq2Rna_CRC11_PT4_708	SRR7461878	GSM3241734	CRC11_PT4
scTrioSeq2Rna_CRC11_PT4_709	SRR7461879	GSM3241735	CRC11_PT4
scTrioSeq2Rna_CRC11_PT4_710	SRR7461880	GSM3241736	CRC11_PT4
scTrioSeq2Rna_CRC11_PT4_711	SRR7461881	GSM3241737	CRC11_PT4
scTrioSeq2Rna_CRC11_PT4_712	SRR7461882	GSM3241738	CRC11_PT4
scTrioSeq2Rna_CRC11_PT4_713	SRR7461883	GSM3241739	CRC11_PT4
scTrioSeq2Rna_CRC11_PT4_714	SRR7461884	GSM3241740	CRC11_PT4
scTrioSeq2Rna_CRC11_PT4_715	SRR7461885	GSM3241741	CRC11_PT4
scTrioSeq2Rna_CRC11_PT4_716	SRR7461886	GSM3241742	CRC11_PT4
scTrioSeq2Rna_CRC11_PT4_717	SRR7461887	GSM3241743	CRC11_PT4
scTrioSeq2Rna_CRC11_PT4_718	SRR7461888	GSM3241744	CRC11_PT4
scTrioSeq2Rna_CRC11_PT4_720	SRR7461889	GSM3241745	CRC11_PT4
scTrioSeq2Rna_CRC11_PT4_721	SRR7461890	GSM3241746	CRC11_PT4
scTrioSeq2Rna_CRC11_PT4_722	SRR7461891	GSM3241747	CRC11_PT4
scTrioSeq2Rna_CRC11_PT4_723	SRR7461892	GSM3241748	CRC11_PT4
scTrioSeq2Rna_CRC11_PT4_724	SRR7461893	GSM3241749	CRC11_PT4
scTrioSeq2Rna_CRC11_PT4_725	SRR7461894	GSM3241750	CRC11_PT4
scTrioSeq2Rna_CRC11_PT4_726	SRR7461895	GSM3241751	CRC11_PT4
scTrioSeq2Rna_CRC11_PT4_727	SRR7461896	GSM3241752	CRC11_PT4
scTrioSeq2Rna_CRC11_PT4_730	SRR7461897	GSM3241753	CRC11_PT4
scTrioSeq2Rna_CRC11_PT4_731	SRR7461898	GSM3241754	CRC11_PT4
scTrioSeq2Rna_CRC11_PT4_733	SRR7461899	GSM3241755	CRC11_PT4
scTrioSeq2Rna_CRC11_PT4_735	SRR7461900	GSM3241756	CRC11_PT4
scTrioSeq2Rna_CRC11_PT4_736	SRR7461901	GSM3241757	CRC11_PT4
scTrioSeq2Rna_CRC11_PT4_737	SRR7461902	GSM3241758	CRC11_PT4
scTrioSeq2Rna_CRC11_PT4_739	SRR7461903	GSM3241759	CRC11_PT4
scTrioSeq2Rna_CRC11_PT4_740	SRR7461904	GSM3241760	CRC11_PT4
scTrioSeq2Rna_CRC11_PT4_741	SRR7461905	GSM3241761	CRC11_PT4
scTrioSeq2Rna_CRC11_PT4_742	SRR7461906	GSM3241762	CRC11_PT4
scTrioSeq2Rna_CRC11_PT4_744	SRR7461907	GSM3241763	CRC11_PT4
scTrioSeq2Rna_CRC11_PT4_745	SRR7461908	GSM3241764	CRC11_PT4
scTrioSeq2Rna_CRC11_PT4_746	SRR7461909	GSM3241765	CRC11_PT4
scTrioSeq2Rna_CRC11_PT4_747	SRR7461910	GSM3241766	CRC11_PT4
scTrioSeq2Rna_CRC11_PT4_748	SRR7461911	GSM3241767	CRC11_PT4
scTrioSeq2Rna_CRC11_LN1_301	SRR7461912	GSM3241768	CRC11_LN1
scTrioSeq2Rna_CRC11_LN1_302	SRR7461913	GSM3241769	CRC11_LN1
scTrioSeq2Rna_CRC11_LN1_303	SRR7461914	GSM3241770	CRC11_LN1
scTrioSeq2Rna_CRC11_LN1_304	SRR7461915	GSM3241771	CRC11_LN1
scTrioSeq2Rna_CRC11_LN1_308	SRR7461916	GSM3241772	CRC11_LN1
scTrioSeq2Rna_CRC11_LN1_310	SRR7461917	GSM3241773	CRC11_LN1
scTrioSeq2Rna_CRC11_LN1_313	SRR7461918	GSM3241774	CRC11_LN1
scTrioSeq2Rna_CRC11_LN1_314	SRR7461919	GSM3241775	CRC11_LN1
scTrioSeq2Rna_CRC11_LN1_315	SRR7461920	GSM3241776	CRC11_LN1
scTrioSeq2Rna_CRC11_LN1_316	SRR7461921	GSM3241777	CRC11_LN1
scTrioSeq2Rna_CRC11_LN1_318	SRR7461922	GSM3241778	CRC11_LN1
scTrioSeq2Rna_CRC11_LN1_319	SRR7461923	GSM3241779	CRC11_LN1
scTrioSeq2Rna_CRC11_LN1_320	SRR7461924	GSM3241780	CRC11_LN1
scTrioSeq2Rna_CRC11_LN1_321	SRR7461925	GSM3241781	CRC11_LN1
scTrioSeq2Rna_CRC11_LN1_323	SRR7461926	GSM3241782	CRC11_LN1
scTrioSeq2Rna_CRC11_LN1_324	SRR7461927	GSM3241783	CRC11_LN1
scTrioSeq2Rna_CRC11_LN1_325	SRR7461928	GSM3241784	CRC11_LN1
scTrioSeq2Rna_CRC11_LN1_326	SRR7461929	GSM3241785	CRC11_LN1
scTrioSeq2Rna_CRC11_LN1_327	SRR7461930	GSM3241786	CRC11_LN1
scTrioSeq2Rna_CRC11_LN1_329	SRR7461931	GSM3241787	CRC11_LN1
scTrioSeq2Rna_CRC11_LN1_330	SRR7461932	GSM3241788	CRC11_LN1
scTrioSeq2Rna_CRC11_LN1_332	SRR7461933	GSM3241789	CRC11_LN1
scTrioSeq2Rna_CRC11_LN1_333	SRR7461934	GSM3241790	CRC11_LN1
scTrioSeq2Rna_CRC11_LN1_334	SRR7461935	GSM3241791	CRC11_LN1
scTrioSeq2Rna_CRC11_LN1_335	SRR7461936	GSM3241792	CRC11_LN1
scTrioSeq2Rna_CRC11_LN1_336	SRR7461937	GSM3241793	CRC11_LN1
scTrioSeq2Rna_CRC11_LN1_337	SRR7461938	GSM3241794	CRC11_LN1
scTrioSeq2Rna_CRC11_LN1_338	SRR7461939	GSM3241795	CRC11_LN1
scTrioSeq2Rna_CRC11_LN1_339	SRR7461940	GSM3241796	CRC11_LN1
scTrioSeq2Rna_CRC11_LN1_340	SRR7461941	GSM3241797	CRC11_LN1
scTrioSeq2Rna_CRC11_LN1_342	SRR7461942	GSM3241798	CRC11_LN1
scTrioSeq2Rna_CRC11_LN1_343	SRR7461943	GSM3241799	CRC11_LN1
scTrioSeq2Rna_CRC11_LN1_344	SRR7461944	GSM3241800	CRC11_LN1
scTrioSeq2Rna_CRC11_LN1_345	SRR7461945	GSM3241801	CRC11_LN1
scTrioSeq2Rna_CRC11_LN1_346	SRR7461946	GSM3241802	CRC11_LN1
scTrioSeq2Rna_CRC11_LN1_347	SRR7461947	GSM3241803	CRC11_LN1
scTrioSeq2Rna_CRC11_LN1_348	SRR7461948	GSM3241804	CRC11_LN1
scTrioSeq2Rna_CRC11_LN1_350	SRR7461949	GSM3241805	CRC11_LN1
scTrioSeq2Rna_CRC11_LN1_351	SRR7461950	GSM3241806	CRC11_LN1
scTrioSeq2Rna_CRC11_LN1_355	SRR7461951	GSM3241807	CRC11_LN1
scTrioSeq2Rna_CRC11_LN1_357	SRR7461952	GSM3241808	CRC11_LN1
scTrioSeq2Rna_CRC11_LN1_358	SRR7461953	GSM3241809	CRC11_LN1
scTrioSeq2Rna_CRC11_LN1_359	SRR7461954	GSM3241810	CRC11_LN1
scTrioSeq2Rna_CRC11_LN1_360	SRR7461955	GSM3241811	CRC11_LN1
scTrioSeq2Rna_CRC11_LN1_361	SRR7461956	GSM3241812	CRC11_LN1
scTrioSeq2Rna_CRC11_LN1_362	SRR7461957	GSM3241813	CRC11_LN1
scTrioSeq2Rna_CRC11_LN1_363	SRR7461958	GSM3241814	CRC11_LN1
scTrioSeq2Rna_CRC11_LN1_364	SRR7461959	GSM3241815	CRC11_LN1
scTrioSeq2Rna_CRC11_LN1_366	SRR7461960	GSM3241816	CRC11_LN1
scTrioSeq2Rna_CRC11_LN1_369	SRR7461961	GSM3241817	CRC11_LN1
scTrioSeq2Rna_CRC11_LN1_370	SRR7461962	GSM3241818	CRC11_LN1
scTrioSeq2Rna_CRC11_LN1_372	SRR7461963	GSM3241819	CRC11_LN1
scTrioSeq2Rna_CRC11_LN1_373	SRR7461964	GSM3241820	CRC11_LN1
scTrioSeq2Rna_CRC11_LN1_375	SRR7461965	GSM3241821	CRC11_LN1
scTrioSeq2Rna_CRC11_LN1_377	SRR7461966	GSM3241822	CRC11_LN1
scTrioSeq2Rna_CRC11_LN1_378	SRR7461967	GSM3241823	CRC11_LN1
scTrioSeq2Rna_CRC11_LN1_381	SRR7461968	GSM3241824	CRC11_LN1
scTrioSeq2Rna_CRC11_LN1_383	SRR7461969	GSM3241825	CRC11_LN1
scTrioSeq2Rna_CRC11_LN1_384	SRR7461970	GSM3241826	CRC11_LN1
scTrioSeq2Rna_CRC11_LN1_385	SRR7461971	GSM3241827	CRC11_LN1
scTrioSeq2Rna_CRC11_LN1_386	SRR7461972	GSM3241828	CRC11_LN1
scTrioSeq2Rna_CRC11_LN1_387	SRR7461973	GSM3241829	CRC11_LN1
scTrioSeq2Rna_CRC11_LN1_388	SRR7461974	GSM3241830	CRC11_LN1
scTrioSeq2Rna_CRC06_PT2_229	SRR7461975	GSM3241831	CRC06_PT2
scTrioSeq2Rna_CRC06_PT2_230	SRR7461976	GSM3241832	CRC06_PT2
scTrioSeq2Rna_CRC06_PT2_231	SRR7461977	GSM3241833	CRC06_PT2
scTrioSeq2Rna_CRC06_PT2_236	SRR7461978	GSM3241834	CRC06_PT2
scTrioSeq2Rna_CRC06_PT2_237	SRR7461979	GSM3241835	CRC06_PT2
scTrioSeq2Rna_CRC06_PT2_239	SRR7461980	GSM3241836	CRC06_PT2
scTrioSeq2Rna_CRC06_PT2_240	SRR7461981	GSM3241837	CRC06_PT2
scTrioSeq2Rna_CRC06_PT2_166	SRR7461982	GSM3241838	CRC06_PT2
scTrioSeq2Rna_CRC06_PT2_169	SRR7461983	GSM3241839	CRC06_PT2
scTrioSeq2Rna_CRC06_PT2_172	SRR7461984	GSM3241840	CRC06_PT2
scTrioSeq2Rna_CRC06_PT2_175	SRR7461985	GSM3241841	CRC06_PT2
scTrioSeq2Rna_CRC06_PT2_176	SRR7461986	GSM3241842	CRC06_PT2
scTrioSeq2Rna_CRC06_PT2_177	SRR7461987	GSM3241843	CRC06_PT2
scTrioSeq2Rna_CRC06_PT2_178	SRR7461988	GSM3241844	CRC06_PT2
scTrioSeq2Rna_CRC06_PT2_179	SRR7461989	GSM3241845	CRC06_PT2
scTrioSeq2Rna_CRC06_PT2_180	SRR7461990	GSM3241846	CRC06_PT2
scTrioSeq2Rna_CRC06_PT2_185	SRR7461991	GSM3241847	CRC06_PT2
scTrioSeq2Rna_CRC06_PT2_186	SRR7461992	GSM3241848	CRC06_PT2
scTrioSeq2Rna_CRC06_PT2_193	SRR7461993	GSM3241849	CRC06_PT2
scTrioSeq2Rna_CRC06_PT2_195	SRR7461994	GSM3241850	CRC06_PT2
scTrioSeq2Rna_CRC06_PT3_242	SRR7461995	GSM3241851	CRC06_PT3
scTrioSeq2Rna_CRC06_PT3_245	SRR7461996	GSM3241852	CRC06_PT3
scTrioSeq2Rna_CRC06_PT3_249	SRR7461997	GSM3241853	CRC06_PT3
scTrioSeq2Rna_CRC06_PT3_250	SRR7461998	GSM3241854	CRC06_PT3
scTrioSeq2Rna_CRC06_PT3_255	SRR7461999	GSM3241855	CRC06_PT3
scTrioSeq2Rna_CRC06_PT3_276	SRR7462000	GSM3241856	CRC06_PT3
scTrioSeq2Rna_CRC06_PT3_286	SRR7462001	GSM3241857	CRC06_PT3
scTrioSeq2Rna_CRC06_PT4_290	SRR7462002	GSM3241858	CRC06_PT4
scTrioSeq2Rna_CRC06_PT4_292	SRR7462003	GSM3241859	CRC06_PT4
scTrioSeq2Rna_CRC06_PT4_294	SRR7462004	GSM3241860	CRC06_PT4
scTrioSeq2Rna_CRC06_PT4_295	SRR7462005	GSM3241861	CRC06_PT4
scTrioSeq2Rna_CRC06_PT4_296	SRR7462006	GSM3241862	CRC06_PT4
scTrioSeq2Rna_CRC06_PT4_303	SRR7462007	GSM3241863	CRC06_PT4
scTrioSeq2Rna_CRC06_PT4_310	SRR7462008	GSM3241864	CRC06_PT4
scTrioSeq2Rna_CRC06_PT4_311	SRR7462009	GSM3241865	CRC06_PT4
scTrioSeq2Rna_CRC06_PT4_312	SRR7462010	GSM3241866	CRC06_PT4
scTrioSeq2Rna_CRC06_PT4_314	SRR7462011	GSM3241867	CRC06_PT4
scTrioSeq2Rna_CRC06_PT4_316	SRR7462012	GSM3241868	CRC06_PT4
scTrioSeq2Rna_CRC06_PT4_317	SRR7462013	GSM3241869	CRC06_PT4
scTrioSeq2Rna_CRC06_PT4_319	SRR7462014	GSM3241870	CRC06_PT4
scTrioSeq2Rna_CRC06_PT4_325	SRR7462015	GSM3241871	CRC06_PT4
scTrioSeq2Rna_CRC06_PT4_326	SRR7462016	GSM3241872	CRC06_PT4
scTrioSeq2Rna_CRC06_PT4_327	SRR7462017	GSM3241873	CRC06_PT4
scTrioSeq2Rna_CRC06_PT4_328	SRR7462018	GSM3241874	CRC06_PT4
scTrioSeq2Rna_CRC06_PT4_329	SRR7462019	GSM3241875	CRC06_PT4
scTrioSeq2Rna_CRC06_PT4_333	SRR7462020	GSM3241876	CRC06_PT4
scTrioSeq2Rna_CRC06_PT4_336	SRR7462021	GSM3241877	CRC06_PT4
scTrioSeq2Rna_CRC06_PT4_337	SRR7462022	GSM3241878	CRC06_PT4
scTrioSeq2Rna_CRC06_PT4_340	SRR7462023	GSM3241879	CRC06_PT4
scTrioSeq2Rna_CRC06_LN1_025	SRR7462024	GSM3241880	CRC06_LN1
scTrioSeq2Rna_CRC06_LN1_026	SRR7462025	GSM3241881	CRC06_LN1
scTrioSeq2Rna_CRC06_LN1_028	SRR7462026	GSM3241882	CRC06_LN1
scTrioSeq2Rna_CRC06_LN1_029	SRR7462027	GSM3241883	CRC06_LN1
scTrioSeq2Rna_CRC06_LN1_030	SRR7462028	GSM3241884	CRC06_LN1
scTrioSeq2Rna_CRC06_LN1_033	SRR7462029	GSM3241885	CRC06_LN1
scTrioSeq2Rna_CRC06_LN1_036	SRR7462030	GSM3241886	CRC06_LN1
scTrioSeq2Rna_CRC06_LN1_037	SRR7462031	GSM3241887	CRC06_LN1
scTrioSeq2Rna_CRC06_LN1_039	SRR7462032	GSM3241888	CRC06_LN1
scTrioSeq2Rna_CRC06_LN1_040	SRR7462033	GSM3241889	CRC06_LN1
scTrioSeq2Rna_CRC06_LN1_041	SRR7462034	GSM3241890	CRC06_LN1
scTrioSeq2Rna_CRC06_LN1_044	SRR7462035	GSM3241891	CRC06_LN1
scTrioSeq2Rna_CRC06_LN1_045	SRR7462036	GSM3241892	CRC06_LN1
scTrioSeq2Rna_CRC06_LN1_048	SRR7462037	GSM3241893	CRC06_LN1
scTrioSeq2Rna_CRC06_LN2_056	SRR7462038	GSM3241894	CRC06_LN2
scTrioSeq2Rna_CRC06_LN3_002	SRR7462039	GSM3241895	CRC06_LN3
scTrioSeq2Rna_CRC06_LN3_003	SRR7462040	GSM3241896	CRC06_LN3
scTrioSeq2Rna_CRC06_LN3_013	SRR7462041	GSM3241897	CRC06_LN3
scTrioSeq2Rna_CRC06_LN3_019	SRR7462042	GSM3241898	CRC06_LN3
scTrioSeq2Rna_CRC06_LN5_110	SRR7462043	GSM3241899	CRC06_LN5
scTrioSeq2Rna_CRC09_PT1_241	SRR7462045	GSM3241901	CRC09_PT1
scTrioSeq2Rna_CRC09_PT1_242	SRR7462046	GSM3241902	CRC09_PT1
scTrioSeq2Rna_CRC09_PT1_244	SRR7462047	GSM3241903	CRC09_PT1
scTrioSeq2Rna_CRC09_PT1_249	SRR7462048	GSM3241904	CRC09_PT1
scTrioSeq2Rna_CRC09_PT1_250	SRR7462049	GSM3241905	CRC09_PT1
scTrioSeq2Rna_CRC09_PT1_251	SRR7462050	GSM3241906	CRC09_PT1
scTrioSeq2Rna_CRC09_PT1_253	SRR7462051	GSM3241907	CRC09_PT1
scTrioSeq2Rna_CRC09_PT1_254	SRR7462052	GSM3241908	CRC09_PT1
scTrioSeq2Rna_CRC09_PT1_255	SRR7462053	GSM3241909	CRC09_PT1
scTrioSeq2Rna_CRC09_PT1_256	SRR7462054	GSM3241910	CRC09_PT1
scTrioSeq2Rna_CRC09_PT1_257	SRR7462055	GSM3241911	CRC09_PT1
scTrioSeq2Rna_CRC09_PT1_258	SRR7462056	GSM3241912	CRC09_PT1
scTrioSeq2Rna_CRC09_PT1_260	SRR7462057	GSM3241913	CRC09_PT1
scTrioSeq2Rna_CRC09_PT1_262	SRR7462058	GSM3241914	CRC09_PT1
scTrioSeq2Rna_CRC09_PT1_263	SRR7462059	GSM3241915	CRC09_PT1
scTrioSeq2Rna_CRC09_PT1_264	SRR7462060	GSM3241916	CRC09_PT1
scTrioSeq2Rna_CRC09_PT1_265	SRR7462061	GSM3241917	CRC09_PT1
scTrioSeq2Rna_CRC09_PT1_266	SRR7462062	GSM3241918	CRC09_PT1
scTrioSeq2Rna_CRC09_PT1_267	SRR7462063	GSM3241919	CRC09_PT1
scTrioSeq2Rna_CRC09_PT1_269	SRR7462064	GSM3241920	CRC09_PT1
scTrioSeq2Rna_CRC09_PT1_270	SRR7462065	GSM3241921	CRC09_PT1
scTrioSeq2Rna_CRC09_PT1_272	SRR7462066	GSM3241922	CRC09_PT1
scTrioSeq2Rna_CRC09_PT1_273	SRR7462067	GSM3241923	CRC09_PT1
scTrioSeq2Rna_CRC09_PT1_274	SRR7462068	GSM3241924	CRC09_PT1
scTrioSeq2Rna_CRC09_PT1_275	SRR7462069	GSM3241925	CRC09_PT1
scTrioSeq2Rna_CRC09_PT1_276	SRR7462070	GSM3241926	CRC09_PT1
scTrioSeq2Rna_CRC09_PT1_278	SRR7462071	GSM3241927	CRC09_PT1
scTrioSeq2Rna_CRC09_PT1_281	SRR7462072	GSM3241928	CRC09_PT1
scTrioSeq2Rna_CRC09_PT1_284	SRR7462073	GSM3241929	CRC09_PT1
scTrioSeq2Rna_CRC09_PT1_285	SRR7462074	GSM3241930	CRC09_PT1
scTrioSeq2Rna_CRC09_PT1_286	SRR7462075	GSM3241931	CRC09_PT1
scTrioSeq2Rna_CRC09_PT1_287	SRR7462076	GSM3241932	CRC09_PT1
scTrioSeq2Rna_CRC09_PT1_288	SRR7462077	GSM3241933	CRC09_PT1
scTrioSeq2Rna_CRC09_PT2_322	SRR7462078	GSM3241934	CRC09_PT2
scTrioSeq2Rna_CRC09_PT2_326	SRR7462079	GSM3241935	CRC09_PT2
scTrioSeq2Rna_CRC09_PT2_338	SRR7462080	GSM3241936	CRC09_PT2
scTrioSeq2Rna_CRC09_PT3_459	SRR7462081	GSM3241937	CRC09_PT3
scTrioSeq2Rna_CRC09_PT3_460	SRR7462082	GSM3241938	CRC09_PT3
scTrioSeq2Rna_CRC09_PT3_463	SRR7462083	GSM3241939	CRC09_PT3
scTrioSeq2Rna_CRC09_PT3_466	SRR7462084	GSM3241940	CRC09_PT3
scTrioSeq2Rna_CRC09_PT3_470	SRR7462085	GSM3241941	CRC09_PT3
scTrioSeq2Rna_CRC09_PT3_474	SRR7462086	GSM3241942	CRC09_PT3
scTrioSeq2Rna_CRC09_PT3_481	SRR7462087	GSM3241943	CRC09_PT3
scTrioSeq2Rna_CRC09_PT3_484	SRR7462088	GSM3241944	CRC09_PT3
scTrioSeq2Rna_CRC09_PT3_486	SRR7462089	GSM3241945	CRC09_PT3
scTrioSeq2Rna_CRC09_PT3_487	SRR7462090	GSM3241946	CRC09_PT3
scTrioSeq2Rna_CRC09_PT3_489	SRR7462091	GSM3241947	CRC09_PT3
scTrioSeq2Rna_CRC09_PT3_490	SRR7462092	GSM3241948	CRC09_PT3
scTrioSeq2Rna_CRC09_PT3_492	SRR7462093	GSM3241949	CRC09_PT3
scTrioSeq2Rna_CRC09_PT3_496	SRR7462094	GSM3241950	CRC09_PT3
scTrioSeq2Rna_CRC09_PT3_606	SRR7462095	GSM3241951	CRC09_PT3
scTrioSeq2Rna_CRC09_PT3_609	SRR7462096	GSM3241952	CRC09_PT3
scTrioSeq2Rna_CRC09_PT3_611	SRR7462097	GSM3241953	CRC09_PT3
scTrioSeq2Rna_CRC09_PT3_612	SRR7462098	GSM3241954	CRC09_PT3
scTrioSeq2Rna_CRC09_PT3_614	SRR7462099	GSM3241955	CRC09_PT3
scTrioSeq2Rna_CRC09_PT4_509	SRR7462100	GSM3241956	CRC09_PT4
scTrioSeq2Rna_CRC09_PT4_511	SRR7462101	GSM3241957	CRC09_PT4
scTrioSeq2Rna_CRC09_PT4_512	SRR7462102	GSM3241958	CRC09_PT4
scTrioSeq2Rna_CRC09_PT4_514	SRR7462103	GSM3241959	CRC09_PT4
scTrioSeq2Rna_CRC09_PT4_515	SRR7462104	GSM3241960	CRC09_PT4
scTrioSeq2Rna_CRC09_PT4_518	SRR7462105	GSM3241961	CRC09_PT4
scTrioSeq2Rna_CRC09_PT4_519	SRR7462106	GSM3241962	CRC09_PT4
scTrioSeq2Rna_CRC09_PT4_521	SRR7462107	GSM3241963	CRC09_PT4
scTrioSeq2Rna_CRC09_PT4_522	SRR7462108	GSM3241964	CRC09_PT4
scTrioSeq2Rna_CRC09_PT4_523	SRR7462109	GSM3241965	CRC09_PT4
scTrioSeq2Rna_CRC09_PT4_524	SRR7462110	GSM3241966	CRC09_PT4
scTrioSeq2Rna_CRC09_PT4_525	SRR7462111	GSM3241967	CRC09_PT4
scTrioSeq2Rna_CRC09_PT4_527	SRR7462112	GSM3241968	CRC09_PT4
scTrioSeq2Rna_CRC09_PT4_528	SRR7462113	GSM3241969	CRC09_PT4
scTrioSeq2Rna_CRC09_PT4_529	SRR7462114	GSM3241970	CRC09_PT4
scTrioSeq2Rna_CRC09_PT4_530	SRR7462115	GSM3241971	CRC09_PT4
scTrioSeq2Rna_CRC09_PT4_533	SRR7462116	GSM3241972	CRC09_PT4
scTrioSeq2Rna_CRC09_PT4_536	SRR7462117	GSM3241973	CRC09_PT4
scTrioSeq2Rna_CRC09_PT4_538	SRR7462118	GSM3241974	CRC09_PT4
scTrioSeq2Rna_CRC09_PT4_539	SRR7462119	GSM3241975	CRC09_PT4
scTrioSeq2Rna_CRC09_PT4_540	SRR7462120	GSM3241976	CRC09_PT4
scTrioSeq2Rna_CRC09_PT4_541	SRR7462121	GSM3241977	CRC09_PT4
scTrioSeq2Rna_CRC09_PT4_542	SRR7462122	GSM3241978	CRC09_PT4
scTrioSeq2Rna_CRC09_PT4_544	SRR7462123	GSM3241979	CRC09_PT4
scTrioSeq2Rna_CRC09_PT4_545	SRR7462124	GSM3241980	CRC09_PT4
scTrioSeq2Rna_CRC09_PT4_546	SRR7462125	GSM3241981	CRC09_PT4
scTrioSeq2Rna_CRC09_PT4_547	SRR7462126	GSM3241982	CRC09_PT4
scTrioSeq2Rna_CRC09_PT4_548	SRR7462127	GSM3241983	CRC09_PT4
scTrioSeq2Rna_CRC09_PT4_549	SRR7462128	GSM3241984	CRC09_PT4
scTrioSeq2Rna_CRC09_PT4_550	SRR7462129	GSM3241985	CRC09_PT4
scTrioSeq2Rna_CRC09_PT4_551	SRR7462130	GSM3241986	CRC09_PT4
scTrioSeq2Rna_CRC09_PT4_553	SRR7462131	GSM3241987	CRC09_PT4
scTrioSeq2Rna_CRC09_PT4_554	SRR7462132	GSM3241988	CRC09_PT4
scTrioSeq2Rna_CRC09_PT4_556	SRR7462133	GSM3241989	CRC09_PT4
scTrioSeq2Rna_CRC09_PT5_560	SRR7462134	GSM3241990	CRC09_PT5
scTrioSeq2Rna_CRC09_PT5_566	SRR7462135	GSM3241991	CRC09_PT5
scTrioSeq2Rna_CRC09_PT5_569	SRR7462136	GSM3241992	CRC09_PT5
scTrioSeq2Rna_CRC09_PT5_575	SRR7462137	GSM3241993	CRC09_PT5
scTrioSeq2Rna_CRC09_PT5_577	SRR7462138	GSM3241994	CRC09_PT5
scTrioSeq2Rna_CRC09_PT5_589	SRR7462140	GSM3241996	CRC09_PT5
scTrioSeq2Rna_CRC09_PT5_590	SRR7462141	GSM3241997	CRC09_PT5
scTrioSeq2Rna_CRC09_PT5_592	SRR7462142	GSM3241998	CRC09_PT5
scTrioSeq2Rna_CRC09_PT5_601	SRR7462143	GSM3241999	CRC09_PT5
scTrioSeq2Rna_CRC09_PT5_604	SRR7462144	GSM3242000	CRC09_PT5
scTrioSeq2Rna_CRC10_PT1_154	SRR7462148	GSM3242004	CRC10_PT1
scTrioSeq2Rna_CRC10_PT1_155	SRR7462149	GSM3242005	CRC10_PT1
scTrioSeq2Rna_CRC10_PT1_156	SRR7462150	GSM3242006	CRC10_PT1
scTrioSeq2Rna_CRC10_PT1_157	SRR7462151	GSM3242007	CRC10_PT1
scTrioSeq2Rna_CRC10_PT1_160	SRR7462152	GSM3242008	CRC10_PT1
scTrioSeq2Rna_CRC10_PT1_165	SRR7462153	GSM3242009	CRC10_PT1
scTrioSeq2Rna_CRC10_PT1_175	SRR7462154	GSM3242010	CRC10_PT1
scTrioSeq2Rna_CRC10_PT2_244	SRR7462155	GSM3242011	CRC10_PT2
scTrioSeq2Rna_CRC10_PT3_101	SRR7462156	GSM3242012	CRC10_PT3
scTrioSeq2Rna_CRC10_PT3_102	SRR7462157	GSM3242013	CRC10_PT3
scTrioSeq2Rna_CRC10_PT3_103	SRR7462158	GSM3242014	CRC10_PT3
scTrioSeq2Rna_CRC10_PT3_104	SRR7462159	GSM3242015	CRC10_PT3
scTrioSeq2Rna_CRC10_PT3_105	SRR7462160	GSM3242016	CRC10_PT3
scTrioSeq2Rna_CRC10_PT3_106	SRR7462161	GSM3242017	CRC10_PT3
scTrioSeq2Rna_CRC10_PT3_107	SRR7462162	GSM3242018	CRC10_PT3
scTrioSeq2Rna_CRC10_PT3_108	SRR7462163	GSM3242019	CRC10_PT3
scTrioSeq2Rna_CRC10_PT3_109	SRR7462164	GSM3242020	CRC10_PT3
scTrioSeq2Rna_CRC10_PT3_110	SRR7462165	GSM3242021	CRC10_PT3
scTrioSeq2Rna_CRC10_PT3_111	SRR7462166	GSM3242022	CRC10_PT3
scTrioSeq2Rna_CRC10_PT3_112	SRR7462167	GSM3242023	CRC10_PT3
scTrioSeq2Rna_CRC10_PT3_113	SRR7462168	GSM3242024	CRC10_PT3
scTrioSeq2Rna_CRC10_PT3_114	SRR7462169	GSM3242025	CRC10_PT3
scTrioSeq2Rna_CRC10_PT3_115	SRR7462170	GSM3242026	CRC10_PT3
scTrioSeq2Rna_CRC10_PT3_117	SRR7462171	GSM3242027	CRC10_PT3
scTrioSeq2Rna_CRC10_PT3_118	SRR7462172	GSM3242028	CRC10_PT3
scTrioSeq2Rna_CRC10_PT3_119	SRR7462173	GSM3242029	CRC10_PT3
scTrioSeq2Rna_CRC10_PT3_122	SRR7462174	GSM3242030	CRC10_PT3
scTrioSeq2Rna_CRC10_PT3_124	SRR7462175	GSM3242031	CRC10_PT3
scTrioSeq2Rna_CRC10_PT3_125	SRR7462176	GSM3242032	CRC10_PT3
scTrioSeq2Rna_CRC10_PT3_126	SRR7462177	GSM3242033	CRC10_PT3
scTrioSeq2Rna_CRC10_PT3_127	SRR7462178	GSM3242034	CRC10_PT3
scTrioSeq2Rna_CRC10_PT3_128	SRR7462179	GSM3242035	CRC10_PT3
scTrioSeq2Rna_CRC10_PT3_130	SRR7462180	GSM3242036	CRC10_PT3
scTrioSeq2Rna_CRC10_PT3_131	SRR7462181	GSM3242037	CRC10_PT3
scTrioSeq2Rna_CRC10_PT3_133	SRR7462182	GSM3242038	CRC10_PT3
scTrioSeq2Rna_CRC10_PT3_135	SRR7462183	GSM3242039	CRC10_PT3
scTrioSeq2Rna_CRC10_PT3_136	SRR7462184	GSM3242040	CRC10_PT3
scTrioSeq2Rna_CRC10_PT3_137	SRR7462185	GSM3242041	CRC10_PT3
scTrioSeq2Rna_CRC10_PT3_138	SRR7462186	GSM3242042	CRC10_PT3
scTrioSeq2Rna_CRC10_PT3_140	SRR7462187	GSM3242043	CRC10_PT3
scTrioSeq2Rna_CRC10_PT3_141	SRR7462188	GSM3242044	CRC10_PT3
scTrioSeq2Rna_CRC10_PT3_142	SRR7462189	GSM3242045	CRC10_PT3
scTrioSeq2Rna_CRC10_PT3_145	SRR7462190	GSM3242046	CRC10_PT3
scTrioSeq2Rna_CRC10_PT3_147	SRR7462191	GSM3242047	CRC10_PT3
scTrioSeq2Rna_CRC10_PT3_148	SRR7462192	GSM3242048	CRC10_PT3
scTrioSeq2Rna_CRC10_PT4_738	SRR7462193	GSM3242049	CRC10_PT4
scTrioSeq2Rna_CRC10_PT4_740	SRR7462194	GSM3242050	CRC10_PT4
scTrioSeq2Rna_CRC10_PT4_745	SRR7462195	GSM3242051	CRC10_PT4
scTrioSeq2Rna_CRC10_PT4_748	SRR7462196	GSM3242052	CRC10_PT4
scTrioSeq2Rna_CRC10_LN1_003	SRR7462197	GSM3242053	CRC10_LN1
scTrioSeq2Rna_CRC10_LN1_004	SRR7462198	GSM3242054	CRC10_LN1
scTrioSeq2Rna_CRC10_LN1_006	SRR7462199	GSM3242055	CRC10_LN1
scTrioSeq2Rna_CRC10_LN1_007	SRR7462200	GSM3242056	CRC10_LN1
scTrioSeq2Rna_CRC10_LN1_008	SRR7462201	GSM3242057	CRC10_LN1
scTrioSeq2Rna_CRC10_LN1_010	SRR7462202	GSM3242058	CRC10_LN1
scTrioSeq2Rna_CRC10_LN1_011	SRR7462203	GSM3242059	CRC10_LN1
scTrioSeq2Rna_CRC10_LN1_014	SRR7462204	GSM3242060	CRC10_LN1
scTrioSeq2Rna_CRC10_LN1_015	SRR7462205	GSM3242061	CRC10_LN1
scTrioSeq2Rna_CRC10_LN1_016	SRR7462206	GSM3242062	CRC10_LN1
scTrioSeq2Rna_CRC10_LN1_017	SRR7462207	GSM3242063	CRC10_LN1
scTrioSeq2Rna_CRC10_LN1_018	SRR7462208	GSM3242064	CRC10_LN1
scTrioSeq2Rna_CRC10_LN1_019	SRR7462209	GSM3242065	CRC10_LN1
scTrioSeq2Rna_CRC10_LN1_021	SRR7462210	GSM3242066	CRC10_LN1
scTrioSeq2Rna_CRC10_LN1_024	SRR7462211	GSM3242067	CRC10_LN1
scTrioSeq2Rna_CRC10_LN1_025	SRR7462212	GSM3242068	CRC10_LN1
scTrioSeq2Rna_CRC10_LN1_026	SRR7462213	GSM3242069	CRC10_LN1
scTrioSeq2Rna_CRC10_LN1_028	SRR7462214	GSM3242070	CRC10_LN1
scTrioSeq2Rna_CRC10_LN1_029	SRR7462215	GSM3242071	CRC10_LN1
scTrioSeq2Rna_CRC10_LN1_030	SRR7462216	GSM3242072	CRC10_LN1
scTrioSeq2Rna_CRC10_LN1_031	SRR7462217	GSM3242073	CRC10_LN1
scTrioSeq2Rna_CRC10_LN1_033	SRR7462218	GSM3242074	CRC10_LN1
scTrioSeq2Rna_CRC10_LN1_035	SRR7462219	GSM3242075	CRC10_LN1
scTrioSeq2Rna_CRC10_LN1_037	SRR7462220	GSM3242076	CRC10_LN1
scTrioSeq2Rna_CRC10_LN1_038	SRR7462221	GSM3242077	CRC10_LN1
scTrioSeq2Rna_CRC10_LN1_039	SRR7462222	GSM3242078	CRC10_LN1
scTrioSeq2Rna_CRC10_LN1_040	SRR7462223	GSM3242079	CRC10_LN1
scTrioSeq2Rna_CRC10_LN1_041	SRR7462224	GSM3242080	CRC10_LN1
scTrioSeq2Rna_CRC10_LN1_042	SRR7462225	GSM3242081	CRC10_LN1
scTrioSeq2Rna_CRC10_LN1_044	SRR7462226	GSM3242082	CRC10_LN1
scTrioSeq2Rna_CRC10_LN1_046	SRR7462227	GSM3242083	CRC10_LN1
scTrioSeq2Rna_CRC10_LN1_047	SRR7462228	GSM3242084	CRC10_LN1
scTrioSeq2Rna_CRC10_LN1_048	SRR7462229	GSM3242085	CRC10_LN1
scTrioSeq2Rna_CRC10_LN2_287	SRR7462230	GSM3242086	CRC10_LN2
scTrioSeq2Rna_CRC10_LN3_070	SRR7462231	GSM3242087	CRC10_LN3
scTrioSeq2Rna_CRC10_LN3_073	SRR7462232	GSM3242088	CRC10_LN3
